run_name,timestamp,nlive,ndim,N_sne,dof,logZ,logZ_err,chi2,chi2_dof,logL_max,AIC,BIC,M_hat,cosmo_type,sn_colour_model,x1_correction_model,mass_model,host_colour_model,ssfr_model,z_evolve_model,zlo,zhi,x1_range,c_range,idsurvey,mass_cut,host_quality_cut,obs_z_type,active_params,prior_overrides,n_gh_nodes,host_colour_err,ssfr_err_max,host_var_penalty,alpha_mean,beta_mean,gamma_mean,Om0_mean,alpha_std,beta_std,gamma_std,Om0_std,sn_tau_mean,sn_tau_std,gamma_alpha_mean,gamma_alpha_std,zeta_mean,zeta_std
combo/loo_zbin_mass_linear_b00,2026-09-05T10:56:51,2000,4,1365,1361,-334.137,0.051,1004.659,0.7382,-326.9707,661.941,682.817,-28.66859,FlatLambdaCDM,linear,linear,linear,none,none,power,,,None,None,False,all,all,all,alpha|beta|gamma|Om0,,40,logmass/0.70,,False,0.17688,3.10568,0.08554,0.33175,0.00685,0.06464,0.02033,0.02262,,,,,,
combo/loo_zbin_mass_linear_b03,2026-09-05T11:00:07,2000,4,1365,1361,-376.978,0.053,1413.872,1.0388,-369.572,747.144,768.02,-28.66807,FlatLambdaCDM,linear,linear,linear,none,none,power,,,None,None,False,all,all,all,alpha|beta|gamma|Om0,,40,logmass/0.70,,False,0.17701,3.1189,0.10172,0.33133,0.00595,0.06513,0.01785,0.0183,,,,,,
combo/loo_zbin_mass_step_b00,2026-09-05T11:00:09,2000,4,1365,1361,-337.943,0.053,1010.975,0.7428,-330.1285,668.257,689.133,-28.65598,FlatLambdaCDM,linear,linear,step,none,none,power,,,None,None,False,all,all,all,alpha|beta|gamma|Om0,,40,logmass/0.70,,False,0.17468,3.1057,0.05084,0.33921,0.00675,0.06426,0.01538,0.02187,,,,,,
combo/host_qual_mass_linear_strict,2026-09-05T11:01:56,2000,4,1369,1365,-544.112,0.054,1451.096,1.0631,-535.8496,1079.699,1100.587,-28.62701,FlatLambdaCDM,linear,linear,linear,none,none,power,,,None,None,False,all,strict,all,alpha|beta|gamma|Om0,,40,logmass/0.70,,False,0.1814,3.13692,0.12616,0.34793,0.00669,0.06467,0.01971,0.02061,,,,,,
combo/loo_zbin_mass_linear_b01,2026-09-05T11:03:33,2000,4,1365,1361,-281.699,0.054,1252.959,0.9206,-274.0696,556.139,577.015,-28.6891,FlatLambdaCDM,linear,linear,linear,none,none,power,,,None,None,False,all,all,all,alpha|beta|gamma|Om0,,40,logmass/0.70,,False,0.1746,3.06931,0.1205,0.33288,0.00586,0.06357,0.01807,0.0152,,,,,,
combo/loo_zbin_mass_linear_b02,2026-09-05T11:05:00,2000,4,1365,1361,-359.33,0.054,1402.202,1.0303,-351.5812,711.162,732.038,-28.67094,FlatLambdaCDM,linear,linear,linear,none,none,power,,,None,None,False,all,all,all,alpha|beta|gamma|Om0,,40,logmass/0.70,,False,0.17342,3.10814,0.10048,0.33511,0.00598,0.06278,0.01787,0.01626,,,,,,
combo/loo_zbin_mass_step_b03,2026-09-05T11:05:08,2000,4,1365,1361,-384.241,0.054,1427.823,1.0491,-376.5475,761.095,781.971,-28.66954,FlatLambdaCDM,linear,linear,step,none,none,power,,,None,None,False,all,all,all,alpha|beta|gamma|Om0,,40,logmass/0.70,,False,0.1744,3.1094,0.06205,0.33325,0.00604,0.06505,0.01423,0.01843,,,,,,
combo/loo_zbin_mass_step_b01,2026-09-05T11:06:23,2000,4,1365,1361,-291.382,0.055,1271.441,0.9342,-283.3106,574.621,595.497,-28.68383,FlatLambdaCDM,linear,linear,step,none,none,power,,,None,None,False,all,all,all,alpha|beta|gamma|Om0,,40,logmass/0.70,,False,0.1719,3.06823,0.07292,0.34088,0.00598,0.06324,0.01468,0.01576,,,,,,
combo/loo_zbin_mass_step_b02,2026-09-05T11:06:39,2000,4,1365,1361,-366.215,0.056,1415.2,1.0398,-358.0804,724.161,745.036,-28.66562,FlatLambdaCDM,linear,linear,step,none,none,power,,,None,None,False,all,all,all,alpha|beta|gamma|Om0,,40,logmass/0.70,,False,0.17085,3.10704,0.06239,0.34178,0.00601,0.06299,0.01443,0.01601,,,,,,
combo/host_qual_mass_step_strict,2026-09-05T11:08:23,2000,4,1369,1365,-552.004,0.057,1464.197,1.0727,-542.3998,1092.8,1113.687,-28.61207,FlatLambdaCDM,linear,linear,step,none,none,power,,,None,None,False,all,strict,all,alpha|beta|gamma|Om0,,40,logmass/0.70,,False,0.17863,3.13523,0.07732,0.35759,0.00669,0.0648,0.01528,0.02061,,,,,,
combo/host_qual_mass_linear_all,2026-09-05T11:25:47,2000,4,1820,1816,-447.386,0.056,1693.918,0.9328,-439.3012,886.602,908.629,-28.67602,FlatLambdaCDM,linear,linear,linear,none,none,power,,,None,None,False,all,all,all,alpha|beta|gamma|Om0,,40,logmass/0.70,,False,0.17537,3.09902,0.10257,0.33609,0.00525,0.05489,0.01593,0.01548,,,,,,
combo/fit_mass_linear,2026-09-05T11:25:56,2000,4,1820,1816,-447.405,0.056,1693.919,0.9328,-439.3019,886.604,908.63,-28.67707,FlatLambdaCDM,linear,linear,linear,none,none,power,,,None,None,False,all,all,all,alpha|beta|gamma|Om0,,40,logmass/0.70,,False,0.17527,3.09857,0.10276,0.33613,0.00528,0.05476,0.01594,0.01559,,,,,,
combo/host_qual_mass_step_all,2026-09-05T11:30:41,2000,4,1820,1816,-456.338,0.057,1711.066,0.9422,-447.8755,903.751,925.777,-28.67314,FlatLambdaCDM,linear,linear,step,none,none,power,,,None,None,False,all,all,all,alpha|beta|gamma|Om0,,40,logmass/0.70,,False,0.1727,3.09711,0.06206,0.34314,0.0053,0.05554,0.01256,0.01534,,,,,,
combo/fit_mass_step,2026-09-05T11:34:02,2000,4,1820,1816,-456.611,0.058,1711.065,0.9422,-447.8747,903.749,925.776,-28.67298,FlatLambdaCDM,linear,linear,step,none,none,power,,,None,None,False,all,all,all,alpha|beta|gamma|Om0,,40,logmass/0.70,,False,0.17272,3.09673,0.0625,0.34284,0.0053,0.05579,0.01276,0.0153,,,,,,
combo/loo_zbin_mass_linear_sncolour_softbroken_sntau_b00,2026-09-05T11:49:04,2500,5,1365,1360,-333.949,0.053,999.972,0.7353,-324.6272,659.254,685.349,-28.51078,FlatLambdaCDM,softbroken,linear,linear,none,none,power,,,None,None,False,all,all,all,alpha|beta|gamma|Om0|sn_tau,,40,logmass/0.70,,False,0.17653,3.62682,0.0879,0.33398,0.00675,0.25581,0.0203,0.02216,2.05647,0.83607,,,,
combo/loo_zbin_mass_linear_interaction_gammaalpha_b00,2026-09-05T11:50:15,2500,5,1365,1360,-333.152,0.055,996.945,0.733,-323.1136,656.227,682.322,-28.66182,FlatLambdaCDM,linear,linear,linear,none,none,power,,,None,None,False,all,all,all,alpha|beta|gamma|Om0|gamma_alpha,,40,logmass/0.70,,False,0.1864,3.10407,0.08922,0.33194,0.00788,0.06537,0.02099,0.02256,,,-0.61665,0.27841,,
combo/loo_zbin_mass_linear_interaction_gammaalpha_b03,2026-09-05T11:57:14,2500,5,1365,1360,-376.458,0.058,1406.085,1.0339,-365.6786,741.357,767.452,-28.66177,FlatLambdaCDM,linear,linear,linear,none,none,power,,,None,None,False,all,all,all,alpha|beta|gamma|Om0|gamma_alpha,,40,logmass/0.70,,False,0.18464,3.11421,0.11037,0.33354,0.00665,0.06559,0.01841,0.01844,,,-0.40225,0.15404,,
combo/host_qual_mass_linear_interaction_gammaalpha_strict,2026-09-05T11:59:43,2500,5,1369,1364,-543.09,0.059,1442.383,1.0575,-531.4932,1072.986,1099.096,-28.61929,FlatLambdaCDM,linear,linear,linear,none,none,power,,,None,None,False,all,strict,all,alpha|beta|gamma|Om0|gamma_alpha,,40,logmass/0.70,,False,0.19021,3.13104,0.12932,0.34987,0.00732,0.06458,0.01991,0.02064,,,-0.41502,0.15743,,
combo/loo_zbin_mass_linear_interaction_gammaalpha_b02,2026-09-05T12:01:17,2500,5,1365,1360,-359.981,0.058,1397.202,1.0274,-349.0812,708.162,734.257,-28.66858,FlatLambdaCDM,linear,linear,linear,none,none,power,,,None,None,False,all,all,all,alpha|beta|gamma|Om0|gamma_alpha,,40,logmass/0.70,,False,0.18016,3.09905,0.10638,0.3367,0.00682,0.06301,0.01855,0.01602,,,-0.33535,0.16136,,
combo/host_qual_mass_linear_sncolour_softbroken_sntau_strict,2026-09-05T12:01:32,2500,5,1369,1364,-543.541,0.056,1444.389,1.0589,-532.4959,1074.992,1101.101,-28.43547,FlatLambdaCDM,softbroken,linear,linear,none,none,power,,,None,None,False,all,strict,all,alpha|beta|gamma|Om0|sn_tau,,40,logmass/0.70,,False,0.18093,3.69118,0.12847,0.35167,0.00666,0.25923,0.01952,0.02055,1.93482,0.81073,,,,
combo/loo_zbin_mass_linear_sncolour_softbroken_sntau_b01,2026-09-05T12:02:47,2500,5,1365,1360,-280.669,0.055,1245.972,0.9162,-270.5764,551.153,577.247,-28.49215,FlatLambdaCDM,softbroken,linear,linear,none,none,power,,,None,None,False,all,all,all,alpha|beta|gamma|Om0|sn_tau,,40,logmass/0.70,,False,0.17393,3.68016,0.12175,0.33632,0.0059,0.28292,0.01845,0.01579,1.7995,0.79706,,,,
combo/loo_zbin_mass_linear_sncolour_softbroken_sntau_b03,2026-09-05T12:02:58,2500,5,1365,1360,-374.692,0.056,1402.502,1.0313,-363.8874,737.775,763.869,-28.47343,FlatLambdaCDM,softbroken,linear,linear,none,none,power,,,None,None,False,all,all,all,alpha|beta|gamma|Om0|sn_tau,,40,logmass/0.70,,False,0.17652,3.82403,0.10225,0.33309,0.00588,0.28299,0.01782,0.0182,1.47301,0.66274,,,,
combo/loo_zbin_mass_linear_interaction_gammaalpha_b01,2026-09-05T12:03:25,2500,5,1365,1360,-283.159,0.059,1249.239,0.9186,-272.2098,554.42,580.514,-28.68397,FlatLambdaCDM,linear,linear,linear,none,none,power,,,None,None,False,all,all,all,alpha|beta|gamma|Om0|gamma_alpha,,40,logmass/0.70,,False,0.1809,3.06603,0.1259,0.33449,0.00687,0.0636,0.01906,0.01557,,,-0.24927,0.13513,,
combo/loo_zbin_mass_linear_sncolour_softbroken_sntau_b02,2026-09-05T12:10:52,2500,5,1365,1360,-357.435,0.056,1391.551,1.0232,-346.2557,702.511,728.606,-28.45072,FlatLambdaCDM,softbroken,linear,linear,none,none,power,,,None,None,False,all,all,all,alpha|beta|gamma|Om0|sn_tau,,40,logmass/0.70,,False,0.17265,3.7888,0.10103,0.33947,0.00605,0.30586,0.01779,0.01613,1.58939,0.74178,,,,
combo/loo_zbin_mass_linear_ssfr_tanh_b00,2026-09-05T12:16:44,2500,5,1365,1360,-331.049,0.057,991.682,0.7292,-320.4822,650.964,677.059,-28.6979,FlatLambdaCDM,linear,linear,linear,none,tanh,power,,,None,None,False,all,all,all,alpha|beta|gamma|Om0|zeta,,40,logmass/0.70,,False,0.17838,3.07985,0.02541,0.33321,0.00682,0.06522,0.02681,0.02241,,,,,-0.11412,0.0321
combo/host_qual_mass_linear_ssfr_tanh_strict,2026-09-05T12:31:15,2500,5,1369,1364,-533.501,0.06,1422.616,1.043,-521.6093,1053.219,1079.328,-28.67823,FlatLambdaCDM,linear,linear,linear,none,tanh,power,,,None,None,False,all,strict,all,alpha|beta|gamma|Om0|zeta,,40,logmass/0.70,,False,0.18392,3.09967,0.04325,0.34967,0.00666,0.06462,0.02546,0.02084,,,,,-0.16519,0.03152
combo/loo_zbin_mass_linear_ssfr_tanh_b01,2026-09-05T12:32:33,2500,5,1365,1360,-279.857,0.06,1241.488,0.9129,-268.3344,546.669,572.763,-28.7076,FlatLambdaCDM,linear,linear,linear,none,tanh,power,,,None,None,False,all,all,all,alpha|beta|gamma|Om0|zeta,,40,logmass/0.70,,False,0.17484,3.0369,0.08944,0.34141,0.00599,0.06425,0.02048,0.0158,,,,,-0.0833,0.02535
combo/loo_zbin_mass_linear_ssfr_tanh_b03,2026-09-05T12:33:14,2500,5,1365,1360,-368.266,0.061,1387.757,1.0204,-356.5146,723.029,749.124,-28.69797,FlatLambdaCDM,linear,linear,linear,none,tanh,power,,,None,None,False,all,all,all,alpha|beta|gamma|Om0|zeta,,40,logmass/0.70,,False,0.17809,3.07247,0.05875,0.34561,0.00582,0.06608,0.01939,0.01894,,,,,-0.12617,0.02549
combo/fit_mass_linear_interaction_gammaalpha,2026-09-05T12:34:16,2500,5,1820,1815,-446.916,0.06,1686.186,0.929,-435.4352,880.87,908.403,-28.67323,FlatLambdaCDM,linear,linear,linear,none,none,power,,,None,None,False,all,all,all,alpha|beta|gamma|Om0|gamma_alpha,,40,logmass/0.70,,False,0.18283,3.0936,0.10971,0.33782,0.00602,0.05479,0.01642,0.01547,,,-0.36654,0.14017,,
combo/host_qual_mass_linear_interaction_gammaalpha_all,2026-09-05T12:36:08,2500,5,1820,1815,-446.847,0.06,1686.183,0.929,-435.4338,880.868,908.401,-28.66926,FlatLambdaCDM,linear,linear,linear,none,none,power,,,None,None,False,all,all,all,alpha|beta|gamma|Om0|gamma_alpha,,40,logmass/0.70,,False,0.18283,3.09349,0.10963,0.33788,0.00605,0.05614,0.01647,0.01554,,,-0.36958,0.14061,,
combo/loo_zbin_mass_linear_ssfr_tanh_b02,2026-09-05T12:38:44,2500,5,1365,1360,-351.456,0.061,1378.268,1.0134,-339.6142,689.228,715.323,-28.7012,FlatLambdaCDM,linear,linear,linear,none,tanh,power,,,None,None,False,all,all,all,alpha|beta|gamma|Om0|zeta,,40,logmass/0.70,,False,0.17412,3.06378,0.05794,0.34673,0.00605,0.06372,0.01985,0.01645,,,,,-0.11926,0.02528
combo/fit_mass_linear_sncolour_softbroken_sntau,2026-09-05T12:38:47,2500,5,1820,1815,-444.946,0.058,1682.69,0.9271,-433.6872,877.374,904.907,-28.47501,FlatLambdaCDM,softbroken,linear,linear,none,none,power,,,None,None,False,all,all,all,alpha|beta|gamma|Om0|sn_tau,,40,logmass/0.70,,False,0.17475,3.79001,0.10395,0.33994,0.0053,0.28613,0.01614,0.01564,1.5526,0.69975,,,,
combo/host_qual_mass_linear_sncolour_softbroken_sntau_all,2026-09-05T12:43:49,2500,5,1820,1815,-444.97,0.058,1682.678,0.9271,-433.6813,877.363,904.896,-28.47236,FlatLambdaCDM,softbroken,linear,linear,none,none,power,,,None,None,False,all,all,all,alpha|beta|gamma|Om0|sn_tau,,40,logmass/0.70,,False,0.17489,3.7865,0.10447,0.3397,0.00534,0.28316,0.01586,0.0155,1.55491,0.68476,,,,
combo/loo_zbin_mass_linear_sncolour_softbroken_sntau_interaction_gammaalpha_b00,2026-09-05T13:03:25,3000,6,1365,1359,-333.044,0.056,992.084,0.73,-320.6829,653.366,684.679,-28.50455,FlatLambdaCDM,softbroken,linear,linear,none,none,power,,,None,None,False,all,all,all,alpha|beta|gamma|Om0|gamma_alpha|sn_tau,,40,logmass/0.70,,False,0.18617,3.64021,0.09223,0.33414,0.00784,0.26098,0.02096,0.02247,2.00902,0.82925,-0.60241,0.26849,,
combo/loo_zbin_mass_linear_sncolour_softbroken_sntau_interaction_gammaalpha_b03,2026-09-05T13:12:09,3000,6,1365,1359,-374.0,0.059,1394.786,1.0263,-360.0293,732.059,763.372,-28.47016,FlatLambdaCDM,softbroken,linear,linear,none,none,power,,,None,None,False,all,all,all,alpha|beta|gamma|Om0|gamma_alpha|sn_tau,,40,logmass/0.70,,False,0.18414,3.82255,0.11109,0.33521,0.00664,0.28995,0.01853,0.01844,1.4663,0.6605,-0.39774,0.15336,,
combo/host_qual_mass_linear_sncolour_softbroken_sntau_interaction_gammaalpha_strict,2026-09-05T13:12:41,3000,6,1369,1363,-542.587,0.06,1435.666,1.0533,-528.1343,1068.269,1099.6,-28.43399,FlatLambdaCDM,softbroken,linear,linear,none,none,power,,,None,None,False,all,strict,all,alpha|beta|gamma|Om0|gamma_alpha|sn_tau,,40,logmass/0.70,,False,0.18957,3.68663,0.131,0.35289,0.00742,0.26202,0.01984,0.02086,1.93767,0.81748,-0.41204,0.15206,,
combo/host_qual_mass_linear_ssfr_tanh_all,2026-09-05T13:14:30,2500,5,1820,1815,-439.899,0.062,1670.601,0.9204,-427.643,865.286,892.819,-28.70201,FlatLambdaCDM,linear,linear,linear,none,tanh,power,,,None,None,False,all,all,all,alpha|beta|gamma|Om0|zeta,,40,logmass/0.70,,False,0.17608,3.06042,0.06044,0.34702,0.00532,0.056,0.01819,0.01567,,,,,-0.10775,0.02273
combo/loo_zbin_mass_linear_sncolour_softbroken_sntau_interaction_gammaalpha_b01,2026-09-05T13:20:19,3000,6,1365,1359,-282.177,0.059,1242.4,0.9142,-268.79,549.58,580.894,-28.49374,FlatLambdaCDM,softbroken,linear,linear,none,none,power,,,None,None,False,all,all,all,alpha|beta|gamma|Om0|gamma_alpha|sn_tau,,40,logmass/0.70,,False,0.18006,3.67724,0.12711,0.33752,0.00691,0.28083,0.01878,0.01558,1.79846,0.7978,-0.24343,0.13456,,
combo/loo_zbin_mass_linear_sncolour_softbroken_sntau_interaction_gammaalpha_b02,2026-09-05T13:22:10,3000,6,1365,1359,-358.108,0.06,1386.737,1.0204,-343.8491,699.698,731.012,-28.45203,FlatLambdaCDM,softbroken,linear,linear,none,none,power,,,None,None,False,all,all,all,alpha|beta|gamma|Om0|gamma_alpha|sn_tau,,40,logmass/0.70,,False,0.17931,3.79148,0.10685,0.34082,0.0068,0.30544,0.01837,0.01621,1.55833,0.7272,-0.33057,0.15808,,
combo/fit_mass_linear_ssfr_tanh,2026-09-05T13:24:03,2500,5,1820,1815,-439.943,0.063,1670.592,0.9204,-427.6383,865.277,892.81,-28.70278,FlatLambdaCDM,linear,linear,linear,none,tanh,power,,,None,None,False,all,all,all,alpha|beta|gamma|Om0|zeta,,40,logmass/0.70,,False,0.17606,3.0598,0.06013,0.34695,0.00533,0.05639,0.01855,0.01574,,,,,-0.10775,0.02295
combo/loo_zbin_mass_linear_ssfr_tanh_interaction_gammaalpha_b00,2026-09-05T13:51:07,3000,6,1365,1359,-332.089,0.06,987.686,0.7268,-318.4842,648.968,680.282,-28.68814,FlatLambdaCDM,linear,linear,linear,none,tanh,power,,,None,None,False,all,all,all,alpha|beta|gamma|Om0|gamma_alpha|zeta,,40,logmass/0.70,,False,0.17867,3.08785,0.043,0.33284,0.00759,0.06583,0.02637,0.02243,,,-0.39231,0.21795,-0.09008,0.03228
combo/host_qual_mass_linear_ssfr_tanh_sncolour_softbroken_sntau_strict,2026-09-05T13:52:48,3000,6,1369,1363,-533.11,0.06,1416.895,1.0395,-518.749,1049.498,1080.829,-28.51931,FlatLambdaCDM,softbroken,linear,linear,none,tanh,power,,,None,None,False,all,strict,all,alpha|beta|gamma|Om0|sn_tau|zeta,,40,logmass/0.70,,False,0.18345,3.63567,0.04614,0.3529,0.00664,0.25974,0.02518,0.02045,1.97684,0.81681,,,-0.1641,0.03122
combo/loo_zbin_mass_linear_ssfr_tanh_sncolour_softbroken_sntau_b01,2026-09-05T13:53:02,3000,6,1365,1359,-278.929,0.06,1234.592,0.9085,-264.8864,541.773,573.086,-28.50842,FlatLambdaCDM,softbroken,linear,linear,none,tanh,power,,,None,None,False,all,all,all,alpha|beta|gamma|Om0|sn_tau|zeta,,40,logmass/0.70,,False,0.17412,3.65424,0.09083,0.34468,0.00591,0.29623,0.02061,0.0158,1.78405,0.80651,,,-0.08229,0.02539
combo/loo_zbin_mass_linear_ssfr_tanh_sncolour_softbroken_sntau_b00,2026-09-05T13:53:23,3000,6,1365,1359,-331.075,0.057,987.354,0.7265,-318.318,648.636,679.949,-28.55086,FlatLambdaCDM,softbroken,linear,linear,none,tanh,power,,,None,None,False,all,all,all,alpha|beta|gamma|Om0|sn_tau|zeta,,40,logmass/0.70,,False,0.17803,3.60535,0.02833,0.33527,0.00688,0.26969,0.02641,0.02234,2.04433,0.84958,,,-0.11305,0.03203
combo/loo_zbin_mass_linear_ssfr_tanh_interaction_gammaalpha_b02,2026-09-05T13:55:12,3000,6,1365,1359,-352.656,0.063,1374.209,1.0112,-337.5847,687.169,718.483,-28.69957,FlatLambdaCDM,linear,linear,linear,none,tanh,power,,,None,None,False,all,all,all,alpha|beta|gamma|Om0|gamma_alpha|zeta,,40,logmass/0.70,,False,0.17563,3.06086,0.06106,0.34702,0.00637,0.06266,0.02076,0.01637,,,-0.26382,0.13423,-0.11503,0.02513
combo/host_qual_mass_linear_ssfr_tanh_interaction_gammaalpha_strict,2026-09-05T13:56:20,3000,6,1369,1363,-533.705,0.063,1416.148,1.039,-518.3753,1048.751,1080.082,-28.66728,FlatLambdaCDM,linear,linear,linear,none,tanh,power,,,None,None,False,all,strict,all,alpha|beta|gamma|Om0|gamma_alpha|zeta,,40,logmass/0.70,,False,0.18171,3.10249,0.05399,0.35087,0.00716,0.06529,0.02447,0.02041,,,-0.30339,0.1279,-0.14875,0.03072
combo/loo_zbin_mass_linear_ssfr_tanh_interaction_gammaalpha_b01,2026-09-05T14:00:15,3000,6,1365,1359,-280.65,0.063,1236.172,0.9096,-265.6765,543.353,574.666,-28.70504,FlatLambdaCDM,linear,linear,linear,none,tanh,power,,,None,None,False,all,all,all,alpha|beta|gamma|Om0|gamma_alpha|zeta,,40,logmass/0.70,,False,0.17822,3.03485,0.08976,0.34253,0.00649,0.06382,0.02161,0.0159,,,-0.2858,0.12753,-0.08766,0.0253
combo/loo_zbin_mass_linear_ssfr_tanh_sncolour_softbroken_sntau_b03,2026-09-05T14:02:12,3000,6,1365,1359,-365.333,0.061,1375.32,1.012,-350.2963,712.593,743.906,-28.497,FlatLambdaCDM,softbroken,linear,linear,none,tanh,power,,,None,None,False,all,all,all,alpha|beta|gamma|Om0|sn_tau|zeta,,40,logmass/0.70,,False,0.17766,3.82176,0.05887,0.34696,0.00585,0.28479,0.01974,0.01862,1.35449,0.6144,,,-0.1281,0.02548
combo/fit_mass_linear_sncolour_softbroken_sntau_interaction_gammaalpha,2026-09-05T14:08:38,3000,6,1820,1814,-444.519,0.061,1675.018,0.9234,-429.8514,871.703,904.742,-28.46744,FlatLambdaCDM,softbroken,linear,linear,none,none,power,,,None,None,False,all,all,all,alpha|beta|gamma|Om0|gamma_alpha|sn_tau,,40,logmass/0.70,,False,0.18232,3.77962,0.11087,0.34167,0.00608,0.27979,0.01652,0.0155,1.55129,0.68317,-0.36521,0.13832,,
combo/loo_zbin_mass_linear_ssfr_tanh_interaction_gammaalpha_b03,2026-09-05T14:09:41,3000,6,1365,1359,-366.71,0.063,1378.141,1.0141,-351.7064,715.413,746.726,-28.68628,FlatLambdaCDM,linear,linear,linear,none,tanh,power,,,None,None,False,all,all,all,alpha|beta|gamma|Om0|gamma_alpha|zeta,,40,logmass/0.70,,False,0.17915,3.07449,0.06177,0.34459,0.00643,0.06483,0.02014,0.01849,,,-0.36663,0.12561,-0.12503,0.02473
combo/loo_zbin_mass_linear_ssfr_tanh_sncolour_softbroken_sntau_b02,2026-09-05T14:17:07,3000,6,1365,1359,-349.413,0.062,1367.067,1.0059,-334.0137,680.027,711.341,-28.48264,FlatLambdaCDM,softbroken,linear,linear,none,tanh,power,,,None,None,False,all,all,all,alpha|beta|gamma|Om0|sn_tau|zeta,,40,logmass/0.70,,False,0.17343,3.78234,0.05796,0.3514,0.00603,0.31288,0.01972,0.01642,1.49228,0.71306,,,-0.12096,0.02517
combo/host_qual_mass_linear_sncolour_softbroken_sntau_interaction_gammaalpha_all,2026-09-05T14:22:30,3000,6,1820,1814,-444.609,0.062,1675.022,0.9234,-429.8534,871.707,904.746,-28.47102,FlatLambdaCDM,softbroken,linear,linear,none,none,power,,,None,None,False,all,all,all,alpha|beta|gamma|Om0|gamma_alpha|sn_tau,,40,logmass/0.70,,False,0.18238,3.79346,0.11119,0.34203,0.00611,0.28898,0.01657,0.01554,1.53071,0.6844,-0.36475,0.13789,,
combo/host_qual_mass_linear_ssfr_tanh_interaction_gammaalpha_all,2026-09-05T14:59:25,3000,6,1820,1814,-439.246,0.065,1662.627,0.9166,-423.6557,859.311,892.351,-28.69761,FlatLambdaCDM,linear,linear,linear,none,tanh,power,,,None,None,False,all,all,all,alpha|beta|gamma|Om0|gamma_alpha|zeta,,40,logmass/0.70,,False,0.17775,3.06135,0.06441,0.34692,0.00578,0.05553,0.01869,0.01556,,,-0.33215,0.12365,-0.1043,0.02233
combo/fit_mass_linear_ssfr_tanh_interaction_gammaalpha,2026-09-05T15:04:30,3000,6,1820,1814,-439.278,0.065,1662.64,0.9166,-423.6624,859.325,892.364,-28.69529,FlatLambdaCDM,linear,linear,linear,none,tanh,power,,,None,None,False,all,all,all,alpha|beta|gamma|Om0|gamma_alpha|zeta,,40,logmass/0.70,,False,0.17765,3.05949,0.06448,0.34707,0.00574,0.055,0.01893,0.01549,,,-0.33051,0.12242,-0.10452,0.02239
combo/host_qual_mass_linear_ssfr_tanh_sncolour_softbroken_sntau_all,2026-09-05T15:09:42,3000,6,1820,1814,-437.403,0.063,1658.914,0.9145,-421.7994,855.599,888.638,-28.49464,FlatLambdaCDM,softbroken,linear,linear,none,tanh,power,,,None,None,False,all,all,all,alpha|beta|gamma|Om0|sn_tau|zeta,,40,logmass/0.70,,False,0.17548,3.76999,0.0614,0.35134,0.00525,0.29376,0.01805,0.01565,1.49282,0.67385,,,-0.10831,0.02281
combo/fit_mass_linear_ssfr_tanh_sncolour_softbroken_sntau,2026-09-05T15:19:29,3000,6,1820,1814,-437.22,0.063,1658.894,0.9145,-421.7894,855.579,888.618,-28.4986,FlatLambdaCDM,softbroken,linear,linear,none,tanh,power,,,None,None,False,all,all,all,alpha|beta|gamma|Om0|sn_tau|zeta,,40,logmass/0.70,,False,0.17546,3.77875,0.06114,0.35127,0.00535,0.28936,0.01836,0.01573,1.46953,0.65619,,,-0.10852,0.02276
combo/loo_zbin_mass_linear_ssfr_tanh_sncolour_softbroken_sntau_interaction_gammaalpha_b00,2026-09-05T15:20:24,3500,7,1365,1358,-331.859,0.059,983.055,0.7239,-316.1684,646.337,682.869,-28.53043,FlatLambdaCDM,softbroken,linear,linear,none,tanh,power,,,None,None,False,all,all,all,alpha|beta|gamma|Om0|gamma_alpha|sn_tau|zeta,,40,logmass/0.70,,False,0.17817,3.62855,0.04513,0.3356,0.00756,0.28222,0.02591,0.0224,2.00681,0.8492,-0.39412,0.21262,-0.08993,0.03201
combo/host_qual_mass_linear_ssfr_tanh_sncolour_softbroken_sntau_interaction_gammaalpha_strict,2026-09-05T15:30:53,3500,7,1369,1362,-533.462,0.063,1410.254,1.0354,-515.4285,1044.857,1081.41,-28.48091,FlatLambdaCDM,softbroken,linear,linear,none,tanh,power,,,None,None,False,all,strict,all,alpha|beta|gamma|Om0|gamma_alpha|sn_tau|zeta,,40,logmass/0.70,,False,0.18129,3.63302,0.05676,0.35399,0.0073,0.2553,0.02484,0.02068,1.99352,0.82328,-0.29986,0.12639,-0.14786,0.03094
combo/loo_zbin_mass_linear_ssfr_tanh_sncolour_softbroken_sntau_interaction_gammaalpha_b01,2026-09-05T15:32:56,3500,7,1365,1358,-279.768,0.063,1229.502,0.9054,-262.3414,538.683,575.215,-28.51063,FlatLambdaCDM,softbroken,linear,linear,none,tanh,power,,,None,None,False,all,all,all,alpha|beta|gamma|Om0|gamma_alpha|sn_tau|zeta,,40,logmass/0.70,,False,0.17754,3.62914,0.09051,0.34597,0.00652,0.28292,0.02178,0.01602,1.83417,0.80765,-0.2804,0.12734,-0.0878,0.02533
combo/loo_zbin_mass_linear_ssfr_tanh_sncolour_softbroken_sntau_interaction_gammaalpha_b03,2026-09-05T15:39:16,3500,7,1365,1358,-364.022,0.064,1365.765,1.0057,-345.5186,705.037,741.57,-28.49543,FlatLambdaCDM,softbroken,linear,linear,none,tanh,power,,,None,None,False,all,all,all,alpha|beta|gamma|Om0|gamma_alpha|sn_tau|zeta,,40,logmass/0.70,,False,0.17864,3.8222,0.06167,0.34679,0.00645,0.29181,0.02033,0.01852,1.3615,0.623,-0.3667,0.12665,-0.12701,0.02511
combo/loo_zbin_mass_linear_ssfr_tanh_sncolour_softbroken_sntau_interaction_gammaalpha_b02,2026-09-05T15:40:59,3500,7,1365,1358,-350.606,0.064,1363.154,1.0038,-332.0575,678.115,714.647,-28.49131,FlatLambdaCDM,softbroken,linear,linear,none,tanh,power,,,None,None,False,all,all,all,alpha|beta|gamma|Om0|gamma_alpha|sn_tau|zeta,,40,logmass/0.70,,False,0.17497,3.78784,0.0611,0.35135,0.00638,0.31051,0.02054,0.01641,1.46687,0.69803,-0.26092,0.13193,-0.11715,0.02515
combo/fit_mass_linear_ssfr_tanh_sncolour_softbroken_sntau_interaction_gammaalpha,2026-09-05T17:15:41,3500,7,1820,1813,-436.766,0.065,1651.002,0.9106,-417.8434,849.687,888.233,-28.48736,FlatLambdaCDM,softbroken,linear,linear,none,tanh,power,,,None,None,False,all,all,all,alpha|beta|gamma|Om0|gamma_alpha|sn_tau|zeta,,40,logmass/0.70,,False,0.17713,3.77491,0.06535,0.35095,0.00574,0.28832,0.01875,0.01567,1.47422,0.6562,-0.32554,0.12141,-0.10555,0.02238
combo/host_qual_mass_linear_ssfr_tanh_sncolour_softbroken_sntau_interaction_gammaalpha_all,2026-09-05T17:17:13,3500,7,1820,1813,-436.82,0.065,1651.032,0.9107,-417.8586,849.717,888.263,-28.50075,FlatLambdaCDM,softbroken,linear,linear,none,tanh,power,,,None,None,False,all,all,all,alpha|beta|gamma|Om0|gamma_alpha|sn_tau|zeta,,40,logmass/0.70,,False,0.17729,3.7712,0.06576,0.35072,0.00581,0.28798,0.01903,0.0158,1.48811,0.67092,-0.32723,0.12302,-0.1053,0.02272
