run_name,timestamp,nlive,ndim,N_sne,dof,logZ,logZ_err,chi2,chi2_dof,logL_max,AIC,BIC,M_hat,cosmo_type,sn_colour_model,x1_correction_model,mass_model,host_colour_model,ssfr_model,z_evolve_model,zlo,zhi,x1_range,c_range,idsurvey,mass_cut,host_quality_cut,obs_z_type,active_params,prior_overrides,n_gh_nodes,host_colour_err,ssfr_err_max,host_var_penalty,beta_mean,Om0_mean,beta_std,Om0_std,gamma_mean,gamma_std,alpha_mean,alpha_std,x1_tau_mean,x1_tau_std,Ode0_mean,Ode0_std,x1_0_mean,x1_0_std,sn_tau_mean,sn_tau_std,a_mean,a_std,c0_mean,c0_std,b_mean,b_std,g_mean,g_std,w_mean,w_std,eta_mean,eta_std,M0_mean,M0_std,beta_gamma_mean,beta_gamma_std,C0_mean,C0_std,gamma_alpha_mean,gamma_alpha_std,beta_alpha_mean,beta_alpha_std,tau_mean,tau_std,M1_mean,M1_std,htau_mean,htau_std,xi_mass_col_mean,xi_mass_col_std,k1_mean,k2_mean,k3_mean,k1_std,k2_std,k3_std,zeta_mean,zeta_std,F0_mean,F0_std,ftau_mean,ftau_std,xi_sSFR_mass_mean,xi_sSFR_mass_std,omega_mean,omega_std,xi_sSFR_col_mean,xi_sSFR_col_std
nuisance/noalphagamma,2026-08-24T08:18:50,1000,2,1820,1818,-1015.07,0.041,2837.541,1.5608,-1011.1127,2026.225,2037.239,-28.70981,FlatLambdaCDM,linear,linear,step,linear,none,power,,,None,None,False,all,all,all,beta|Om0,,40,logmass/0.70,,False,2.8848,0.35118,0.05531,0.01551,,,,,,,,,,,,,,,,,,,,,,,,,,,,,,,,,,,,,,,,,,,,,,,,,,,,,,,,,,,,
nuisance/noalphabeta,2026-08-24T08:26:29,1000,2,1820,1818,-2342.546,0.089,5474.611,3.0113,-2329.6481,4663.296,4674.309,-29.88123,FlatLambdaCDM,linear,linear,step,linear,none,power,,,None,None,False,all,all,all,gamma|Om0,,40,logmass/0.70,,False,,0.41582,,0.0155,-0.08997,0.01196,,,,,,,,,,,,,,,,,,,,,,,,,,,,,,,,,,,,,,,,,,,,,,,,,,,,,,,,,,
nuisance/nobetagamma,2026-08-24T08:29:22,1000,2,1820,1818,-1986.64,0.085,4763.839,2.6204,-1974.262,3952.524,3963.537,-29.8832,FlatLambdaCDM,linear,linear,step,linear,none,power,,,None,None,False,all,all,all,alpha|Om0,,40,logmass/0.70,,False,,0.41628,,0.01539,,,0.13863,0.005,,,,,,,,,,,,,,,,,,,,,,,,,,,,,,,,,,,,,,,,,,,,,,,,,,,,,,,,
nuisance/noalpha,2026-08-24T08:40:00,1500,3,1820,1817,-980.378,0.056,2761.11,1.5196,-972.8974,1951.795,1968.314,-28.71951,FlatLambdaCDM,linear,linear,step,linear,none,power,,,None,None,False,all,all,all,beta|gamma|Om0,,40,logmass/0.70,,False,2.89543,0.35831,0.05472,0.01546,-0.10386,0.01198,,,,,,,,,,,,,,,,,,,,,,,,,,,,,,,,,,,,,,,,,,,,,,,,,,,,,,,,,,
nuisance/nogamma,2026-08-24T08:40:12,1500,3,1820,1817,-451.744,0.05,1706.184,0.939,-445.4344,896.869,913.389,-28.64557,FlatLambdaCDM,linear,linear,step,linear,none,power,,,None,None,False,all,all,all,alpha|beta|Om0,,40,logmass/0.70,,False,3.08797,0.35355,0.05508,0.01533,,,0.16888,0.00498,,,,,,,,,,,,,,,,,,,,,,,,,,,,,,,,,,,,,,,,,,,,,,,,,,,,,,,,
nuisance/nobeta,2026-08-24T08:56:08,1500,3,1820,1817,-1987.163,0.085,4759.853,2.6196,-1972.269,3950.538,3967.058,-29.87885,FlatLambdaCDM,linear,linear,step,linear,none,power,,,None,None,False,all,all,all,alpha|gamma|Om0,,40,logmass/0.70,,False,,0.41448,,0.01563,0.02696,0.01274,0.14247,0.00525,,,,,,,,,,,,,,,,,,,,,,,,,,,,,,,,,,,,,,,,,,,,,,,,,,,,,,,,
baseline,2026-08-24T09:08:24,2000,4,1820,1816,-450.056,0.059,1697.335,0.9347,-441.0098,890.02,912.046,-28.63946,FlatLambdaCDM,linear,linear,step,linear,none,power,,,None,None,False,all,all,all,alpha|beta|gamma|Om0,,40,logmass/0.70,,False,3.08992,0.35127,0.05556,0.01547,0.03855,0.01279,0.17444,0.00532,,,,,,,,,,,,,,,,,,,,,,,,,,,,,,,,,,,,,,,,,,,,,,,,,,,,,,,,
sncolour/sncolour_tanh,2026-08-24T09:09:43,2000,4,1820,1816,-450.506,0.059,1698.105,0.9351,-441.3949,890.79,912.816,-29.87322,FlatLambdaCDM,tanh,linear,step,linear,none,power,,,None,None,False,all,all,all,alpha|beta|gamma|Om0,,40,logmass/0.70,,False,3.12032,0.35161,0.05574,0.01538,0.03854,0.01262,0.17428,0.00527,,,,,,,,,,,,,,,,,,,,,,,,,,,,,,,,,,,,,,,,,,,,,,,,,,,,,,,,
sncolour/sncolour_dust,2026-08-24T09:09:47,2000,4,1820,1816,-450.076,0.059,1697.336,0.9347,-441.0102,890.02,912.047,-26.7893,FlatLambdaCDM,dust,linear,step,linear,none,power,,,None,None,False,all,all,all,alpha|beta|gamma|Om0,,40,logmass/0.70,,False,3.0887,0.35107,0.05566,0.01557,0.03855,0.01274,0.17448,0.00532,,,,,,,,,,,,,,,,,,,,,,,,,,,,,,,,,,,,,,,,,,,,,,,,,,,,,,,,
stretch/stretch_doublebroken,2026-08-24T09:10:35,2000,4,1820,1816,-450.105,0.059,1697.333,0.9347,-441.0087,890.017,912.044,-28.63959,FlatLambdaCDM,linear,doublebroken,step,linear,none,power,,,None,None,False,all,all,all,alpha|beta|gamma|Om0,,40,logmass/0.70,,False,3.09014,0.35115,0.0551,0.01557,0.03851,0.01271,0.17431,0.00528,,,,,,,,,,,,,,,,,,,,,,,,,,,,,,,,,,,,,,,,,,,,,,,,,,,,,,,,
stretch/stretch_powerlaw,2026-08-24T09:10:45,2000,4,1820,1816,-450.078,0.059,1697.336,0.9347,-441.0102,890.02,912.047,-28.63971,FlatLambdaCDM,linear,powerlaw,step,linear,none,power,,,None,None,False,all,all,all,alpha|beta|gamma|Om0,,40,logmass/0.70,,False,3.09124,0.35114,0.05615,0.01567,0.03864,0.01275,0.17448,0.00532,,,,,,,,,,,,,,,,,,,,,,,,,,,,,,,,,,,,,,,,,,,,,,,,,,,,,,,,
stretch/stretch_stepbroken,2026-08-24T09:10:47,2000,4,1820,1816,-450.007,0.059,1697.333,0.9347,-441.0088,890.018,912.044,-28.63986,FlatLambdaCDM,linear,stepbroken,step,linear,none,power,,,None,None,False,all,all,all,alpha|beta|gamma|Om0,,40,logmass/0.70,,False,3.08965,0.35125,0.05507,0.01562,0.03829,0.0127,0.17434,0.00532,,,,,,,,,,,,,,,,,,,,,,,,,,,,,,,,,,,,,,,,,,,,,,,,,,,,,,,,
stretch/stretch_softbroken,2026-08-24T09:13:19,2000,4,1820,1816,-474.66,0.061,1745.325,0.9611,-465.0051,938.01,960.036,-28.58503,FlatLambdaCDM,linear,softbroken,step,linear,none,power,,,None,None,False,all,all,all,alpha|beta|gamma|Om0,,40,logmass/0.70,,False,3.1135,0.35887,0.05554,0.01552,0.0312,0.01261,0.17807,0.00556,,,,,,,,,,,,,,,,,,,,,,,,,,,,,,,,,,,,,,,,,,,,,,,,,,,,,,,,
cosmo/Om0asuniform,2026-08-24T09:14:05,2000,4,1820,1816,-450.53,0.062,1697.331,0.9347,-441.0081,890.016,912.043,-28.64005,FlatLambdaCDM,linear,linear,step,linear,none,power,,,None,None,False,all,all,all,alpha|beta|gamma|Om0,Om0:uniform,40,logmass/0.70,,False,3.08586,0.36782,0.05616,0.01958,0.03776,0.0126,0.17425,0.00527,,,,,,,,,,,,,,,,,,,,,,,,,,,,,,,,,,,,,,,,,,,,,,,,,,,,,,,,
evolution/baseline_broaduniform,2026-08-24T09:15:25,2000,4,1820,1816,-453.344,0.072,1697.334,0.9347,-441.0095,890.019,912.045,-28.64059,FlatLambdaCDM,linear,linear,step,linear,none,power,,,None,None,False,all,all,all,alpha|beta|gamma|Om0,alpha:uniform|beta:uniform,40,logmass/0.70,,False,3.09006,0.3512,0.05544,0.01533,0.03884,0.01274,0.17455,0.00537,,,,,,,,,,,,,,,,,,,,,,,,,,,,,,,,,,,,,,,,,,,,,,,,,,,,,,,,
sncolour/sncolour_softbroken,2026-08-24T09:15:49,2000,4,1820,1816,-452.626,0.063,1699.911,0.9361,-442.2979,892.596,914.622,-29.89202,FlatLambdaCDM,softbroken,linear,step,linear,none,power,,,None,None,False,all,all,all,alpha|beta|gamma|Om0,,40,logmass/0.70,,False,3.01215,0.36639,0.0536,0.01564,0.0426,0.0126,0.17238,0.00527,,,,,,,,,,,,,,,,,,,,,,,,,,,,,,,,,,,,,,,,,,,,,,,,,,,,,,,,
stretch/stretch_tanh,2026-08-24T09:17:25,2000,4,1820,1816,-492.495,0.069,1775.793,0.9779,-480.239,968.478,990.504,-28.64289,FlatLambdaCDM,linear,tanh,step,linear,none,power,,,None,None,False,all,all,all,alpha|beta|gamma|Om0,,40,logmass/0.70,,False,3.05281,0.35803,0.05548,0.01547,0.02529,0.012,0.25622,0.00332,,,,,,,,,,,,,,,,,,,,,,,,,,,,,,,,,,,,,,,,,,,,,,,,,,,,,,,,
stretch/stretch_sigmoid,2026-08-24T09:20:30,2000,4,1820,1816,-481.541,0.072,1752.4,0.965,-468.5421,945.084,967.111,-28.65011,FlatLambdaCDM,linear,sigmoid,step,linear,none,power,,,None,None,False,all,all,all,alpha|beta|gamma|Om0,,40,logmass/0.70,,False,3.04936,0.35504,0.0551,0.01533,0.01194,0.01184,0.25843,0.00154,,,,,,,,,,,,,,,,,,,,,,,,,,,,,,,,,,,,,,,,,,,,,,,,,,,,,,,,
stretch/stretch_asymm_gauss_weight,2026-08-24T09:23:54,2000,4,1820,1816,-677.625,0.073,2143.68,1.1804,-664.1823,1336.365,1358.391,-28.67124,FlatLambdaCDM,linear,asymm_gauss_weight,step,linear,none,power,,,None,None,False,all,all,all,alpha|beta|gamma|Om0,,40,logmass/0.70,,False,2.96546,0.36396,0.05465,0.01557,-0.02572,0.01205,0.25759,0.00235,,,,,,,,,,,,,,,,,,,,,,,,,,,,,,,,,,,,,,,,,,,,,,,,,,,,,,,,
stretch/stretch_stepbroken_x1tau,2026-08-24T09:33:33,2500,5,1820,1815,-450.051,0.053,1697.333,0.9352,-441.0087,892.017,919.55,-28.64006,FlatLambdaCDM,linear,stepbroken,step,linear,none,power,,,None,None,False,all,all,all,alpha|beta|gamma|Om0|x1_tau,,40,logmass/0.70,,False,3.08986,0.35086,0.05636,0.01551,0.03884,0.01264,0.17443,0.00532,0.90765,1.00458,,,,,,,,,,,,,,,,,,,,,,,,,,,,,,,,,,,,,,,,,,,,,,,,,,,,,,
stretch/stretch_powerlaw_x1tau,2026-08-24T09:33:40,2500,5,1820,1815,-450.041,0.053,1697.334,0.9352,-441.0093,892.019,919.552,-28.63917,FlatLambdaCDM,linear,powerlaw,step,linear,none,power,,,None,None,False,all,all,all,alpha|beta|gamma|Om0|x1_tau,,40,logmass/0.70,,False,3.09064,0.35104,0.05554,0.0155,0.03829,0.01268,0.17436,0.00527,0.89053,1.00043,,,,,,,,,,,,,,,,,,,,,,,,,,,,,,,,,,,,,,,,,,,,,,,,,,,,,,
stretch/stretch_doublebroken_x1tau,2026-08-24T09:33:42,2500,5,1820,1815,-450.052,0.053,1697.332,0.9352,-441.0082,892.016,919.549,-28.63954,FlatLambdaCDM,linear,doublebroken,step,linear,none,power,,,None,None,False,all,all,all,alpha|beta|gamma|Om0|x1_tau,,40,logmass/0.70,,False,3.08967,0.3512,0.05505,0.01554,0.03875,0.01273,0.17436,0.00537,0.91538,1.0091,,,,,,,,,,,,,,,,,,,,,,,,,,,,,,,,,,,,,,,,,,,,,,,,,,,,,,
cosmo/cosmoLambdaCDM,2026-08-24T09:34:43,2500,5,1820,1815,-450.191,0.053,1696.211,0.9346,-440.4481,890.896,918.429,-28.64949,LambdaCDM,linear,linear,step,linear,none,power,,,None,None,False,all,all,all,alpha|beta|gamma|Om0|Ode0,,40,logmass/0.70,,False,3.091,0.35198,0.05539,0.02116,0.03891,0.0126,0.17446,0.00531,,,0.6682,0.02521,,,,,,,,,,,,,,,,,,,,,,,,,,,,,,,,,,,,,,,,,,,,,,,,,,,,
stretch/stretch_softbroken_x1tau,2026-08-24T09:36:28,2500,5,1820,1815,-474.571,0.054,1745.327,0.9616,-465.0059,940.012,967.545,-28.58418,FlatLambdaCDM,linear,softbroken,step,linear,none,power,,,None,None,False,all,all,all,alpha|beta|gamma|Om0|x1_tau,,40,logmass/0.70,,False,3.11252,0.35917,0.05502,0.01545,0.03121,0.01263,0.17813,0.00557,0.88061,0.9943,,,,,,,,,,,,,,,,,,,,,,,,,,,,,,,,,,,,,,,,,,,,,,,,,,,,,,
stretch/stretch_sigmoid_x1tau,2026-08-24T09:47:53,2500,5,1820,1815,-481.434,0.064,1752.398,0.9655,-468.5413,947.083,974.616,-28.65042,FlatLambdaCDM,linear,sigmoid,step,linear,none,power,,,None,None,False,all,all,all,alpha|beta|gamma|Om0|x1_tau,,40,logmass/0.70,,False,3.04917,0.35528,0.0547,0.01553,0.01209,0.01182,0.2584,0.00158,0.89592,1.00642,,,,,,,,,,,,,,,,,,,,,,,,,,,,,,,,,,,,,,,,,,,,,,,,,,,,,,
stretch/stretch_stepbroken_x10x1tau,2026-08-24T09:50:59,3000,6,1820,1814,-449.991,0.048,1697.335,0.9357,-441.0097,894.019,927.059,-28.72003,FlatLambdaCDM,linear,stepbroken,step,linear,none,power,,,None,None,False,all,all,all,alpha|beta|gamma|Om0|x1_0|x1_tau,,40,logmass/0.70,,False,3.08924,0.35099,0.05559,0.01555,0.03859,0.01273,0.1744,0.0053,0.88944,0.99634,,,-0.027,1.15766,,,,,,,,,,,,,,,,,,,,,,,,,,,,,,,,,,,,,,,,,,,,,,,,,,
stretch/stretch_doublebroken_x10x1tau,2026-08-24T09:53:35,3000,6,1820,1814,-450.134,0.048,1697.334,0.9357,-441.0094,894.019,927.058,-28.63881,FlatLambdaCDM,linear,doublebroken,step,linear,none,power,,,None,None,False,all,all,all,alpha|beta|gamma|Om0|x1_0|x1_tau,,40,logmass/0.70,,False,3.09077,0.35118,0.05523,0.01555,0.0386,0.01272,0.17441,0.00536,0.89231,0.99858,,,-0.00113,1.15782,,,,,,,,,,,,,,,,,,,,,,,,,,,,,,,,,,,,,,,,,,,,,,,,,,
stretch/stretch_powerlaw_x10x1tau,2026-08-24T09:54:38,3000,6,1820,1814,-450.053,0.048,1697.333,0.9357,-441.009,894.018,927.057,-28.59139,FlatLambdaCDM,linear,powerlaw,step,linear,none,power,,,None,None,False,all,all,all,alpha|beta|gamma|Om0|x1_0|x1_tau,,40,logmass/0.70,,False,3.09041,0.35085,0.05542,0.01546,0.03848,0.0128,0.17429,0.0054,0.90147,0.99563,,,-0.02197,1.15793,,,,,,,,,,,,,,,,,,,,,,,,,,,,,,,,,,,,,,,,,,,,,,,,,,
sncolour/sncolour_softbroken_sntau,2026-08-24T09:57:18,2500,5,1820,1815,-446.59,0.058,1685.891,0.9289,-435.2878,880.576,908.109,-29.88198,FlatLambdaCDM,softbroken,linear,step,linear,none,power,,,None,None,False,all,all,all,alpha|beta|gamma|Om0|sn_tau,,40,logmass/0.70,,False,3.06694,0.35711,0.05564,0.01562,0.0403,0.01273,0.17366,0.00526,,,,,,,1.02605,0.5326,,,,,,,,,,,,,,,,,,,,,,,,,,,,,,,,,,,,,,,,,,,,,,,,
stretch/stretch_asymm_gauss_weight_x1tau,2026-08-24T09:57:59,2500,5,1820,1815,-677.658,0.065,2143.698,1.1811,-664.1912,1338.382,1365.915,-28.67099,FlatLambdaCDM,linear,asymm_gauss_weight,step,linear,none,power,,,None,None,False,all,all,all,alpha|beta|gamma|Om0|x1_tau,,40,logmass/0.70,,False,2.96474,0.36371,0.05485,0.01567,-0.02584,0.0121,0.25749,0.00243,0.92819,1.02451,,,,,,,,,,,,,,,,,,,,,,,,,,,,,,,,,,,,,,,,,,,,,,,,,,,,,,
evolution/zevolve_zz_a,2026-08-24T10:00:18,2500,5,1820,1815,-454.436,0.069,1695.291,0.934,-439.9881,889.976,917.509,-28.63537,FlatLambdaCDM,linear,linear,step,linear,none,zz,,,None,None,False,all,all,all,alpha|beta|gamma|Om0|a,alpha:uniform|beta:uniform,40,logmass/0.70,,False,3.09445,0.35218,0.0555,0.01517,0.0378,0.01286,0.17723,0.00589,,,,,,,,,0.22208,0.18255,,,,,,,,,,,,,,,,,,,,,,,,,,,,,,,,,,,,,,,,,,,,,,
evolution/zevolve_log_a,2026-08-24T10:03:03,2500,5,1820,1815,-454.312,0.068,1695.766,0.9343,-440.2256,890.451,917.984,-28.63631,FlatLambdaCDM,linear,linear,step,linear,none,log,,,None,None,False,all,all,all,alpha|beta|gamma|Om0|a,alpha:uniform|beta:uniform,40,logmass/0.70,,False,3.09343,0.35199,0.05583,0.01552,0.03795,0.01276,0.17617,0.00576,,,,,,,,,0.29655,0.3101,,,,,,,,,,,,,,,,,,,,,,,,,,,,,,,,,,,,,,,,,,,,,,
evolution/zevolve_linear_a,2026-08-24T10:03:52,2500,5,1820,1815,-455.217,0.07,1696.228,0.9346,-440.4563,890.913,918.446,-28.63929,FlatLambdaCDM,linear,linear,step,linear,none,linear,,,None,None,False,all,all,all,alpha|beta|gamma|Om0|a,alpha:uniform|beta:uniform,40,logmass/0.70,,False,3.09266,0.35244,0.05556,0.01542,0.03801,0.0127,0.17593,0.00558,,,,,,,,,0.09823,0.10349,,,,,,,,,,,,,,,,,,,,,,,,,,,,,,,,,,,,,,,,,,,,,,
sncolour/sncolour_quadratic_c0,2026-08-24T10:06:11,2500,5,1820,1815,-447.618,0.062,1685.968,0.9289,-435.3263,880.653,908.186,-29.8865,FlatLambdaCDM,quadratic,linear,step,linear,none,power,,,None,None,False,all,all,all,alpha|beta|gamma|Om0|c0,,40,logmass/0.70,,False,3.06148,0.35767,0.05618,0.01557,0.04054,0.01283,0.17348,0.00533,,,,,,,,,,,0.41547,0.12829,,,,,,,,,,,,,,,,,,,,,,,,,,,,,,,,,,,,,,,,,,,,
evolution/zevolve_power_a,2026-08-24T10:06:34,2500,5,1820,1815,-454.856,0.069,1695.852,0.9344,-440.2682,890.536,918.069,-28.63729,FlatLambdaCDM,linear,linear,step,linear,none,power,,,None,None,False,all,all,all,alpha|beta|gamma|Om0|a,alpha:uniform|beta:uniform,40,logmass/0.70,,False,3.09383,0.35197,0.05576,0.01562,0.03787,0.01281,0.17635,0.00571,,,,,,,,,0.15013,0.13958,,,,,,,,,,,,,,,,,,,,,,,,,,,,,,,,,,,,,,,,,,,,,,
sncolour/sncolour_broken_c0,2026-08-24T10:07:28,2500,5,1820,1815,-450.504,0.055,1693.074,0.9328,-438.8792,887.758,915.291,-29.11987,FlatLambdaCDM,broken,linear,step,linear,none,power,,,None,None,False,all,all,all,alpha|beta|gamma|Om0|c0,,40,logmass/0.70,,False,3.08495,0.35127,0.06732,0.01559,0.03832,0.01285,0.17427,0.0054,,,,,,,,,,,1.4753,0.86169,,,,,,,,,,,,,,,,,,,,,,,,,,,,,,,,,,,,,,,,,,,,
evolution/zevolve_power_b,2026-08-24T10:08:21,2500,5,1820,1815,-455.783,0.071,1697.326,0.9352,-441.0054,892.011,919.544,-28.63245,FlatLambdaCDM,linear,linear,step,linear,none,power,,,None,None,False,all,all,all,alpha|beta|gamma|Om0|b,alpha:uniform|beta:uniform,40,logmass/0.70,,False,3.09045,0.32545,0.05477,0.02533,0.03758,0.0127,0.17434,0.00532,,,,,,,,,,,,,0.05221,0.0412,,,,,,,,,,,,,,,,,,,,,,,,,,,,,,,,,,,,,,,,,,
evolution/zevolve_exp_a,2026-08-24T10:09:58,2500,5,1820,1815,-455.466,0.07,1696.295,0.9346,-440.4901,890.98,918.513,-28.63929,FlatLambdaCDM,linear,linear,step,linear,none,exp,,,None,None,False,all,all,all,alpha|beta|gamma|Om0|a,alpha:uniform|beta:uniform,40,logmass/0.70,,False,3.09289,0.35223,0.05595,0.01547,0.03802,0.01273,0.17573,0.00555,,,,,,,,,0.09309,0.10451,,,,,,,,,,,,,,,,,,,,,,,,,,,,,,,,,,,,,,,,,,,,,,
evolution/zevolve_log_b,2026-08-24T10:10:23,2500,5,1820,1815,-455.196,0.069,1697.337,0.9352,-441.0106,892.021,919.554,-28.63061,FlatLambdaCDM,linear,linear,step,linear,none,log,,,None,None,False,all,all,all,alpha|beta|gamma|Om0|b,alpha:uniform|beta:uniform,40,logmass/0.70,,False,3.09026,0.32708,0.05575,0.02498,0.03777,0.0128,0.17435,0.00536,,,,,,,,,,,,,0.11048,0.09237,,,,,,,,,,,,,,,,,,,,,,,,,,,,,,,,,,,,,,,,,,
evolution/zevolve_linear_b,2026-08-24T10:10:50,2500,5,1820,1815,-456.108,0.072,1697.288,0.9351,-440.9861,891.972,919.505,-28.64932,FlatLambdaCDM,linear,linear,step,linear,none,linear,,,None,None,False,all,all,all,alpha|beta|gamma|Om0|b,alpha:uniform|beta:uniform,40,logmass/0.70,,False,3.08601,0.32333,0.05546,0.02508,0.03733,0.01284,0.17432,0.00535,,,,,,,,,,,,,0.04034,0.02889,,,,,,,,,,,,,,,,,,,,,,,,,,,,,,,,,,,,,,,,,,
evolution/zevolve_zz_b,2026-08-24T10:11:07,2500,5,1820,1815,-455.852,0.071,1697.136,0.9351,-440.9103,891.821,919.354,-28.62163,FlatLambdaCDM,linear,linear,step,linear,none,zz,,,None,None,False,all,all,all,alpha|beta|gamma|Om0|b,alpha:uniform|beta:uniform,40,logmass/0.70,,False,3.09343,0.33005,0.05601,0.02498,0.03833,0.01275,0.17447,0.00527,,,,,,,,,,,,,0.05853,0.05438,,,,,,,,,,,,,,,,,,,,,,,,,,,,,,,,,,,,,,,,,,
evolution/zevolve_exp_b,2026-08-24T10:12:06,2500,5,1820,1815,-456.118,0.072,1697.288,0.9351,-440.9865,891.973,919.506,-28.64775,FlatLambdaCDM,linear,linear,step,linear,none,exp,,,None,None,False,all,all,all,alpha|beta|gamma|Om0|b,alpha:uniform|beta:uniform,40,logmass/0.70,,False,3.08577,0.32245,0.05627,0.02497,0.03713,0.01271,0.17419,0.00532,,,,,,,,,,,,,0.04152,0.02924,,,,,,,,,,,,,,,,,,,,,,,,,,,,,,,,,,,,,,,,,,
evolution/zevolve_linear_g,2026-08-24T10:12:46,2500,5,1820,1815,-454.295,0.068,1692.025,0.9322,-438.3551,886.71,914.243,-28.59584,FlatLambdaCDM,linear,linear,step,linear,none,linear,,,None,None,False,all,all,all,alpha|beta|gamma|Om0|g,alpha:uniform|beta:uniform,40,logmass/0.70,,False,3.09158,0.35787,0.05588,0.0193,0.03721,0.01269,0.17449,0.00537,,,,,,,,,,,,,,,-0.2834,0.48884,,,,,,,,,,,,,,,,,,,,,,,,,,,,,,,,,,,,,,,,
evolution/zevolve_step_g,2026-08-24T10:13:41,2500,5,1820,1815,-455.59,0.07,1696.508,0.9347,-440.5964,891.193,918.726,-28.62927,FlatLambdaCDM,linear,linear,step,linear,none,step,,,None,None,False,all,all,all,alpha|beta|gamma|Om0|g,alpha:uniform|beta:uniform,40,logmass/0.70,,False,3.09068,0.35267,0.05592,0.01835,0.03711,0.01268,0.17426,0.00529,,,,,,,,,,,,,,,-0.01671,0.1284,,,,,,,,,,,,,,,,,,,,,,,,,,,,,,,,,,,,,,,,
stretch/stretch_tanh_x10,2026-08-24T10:14:16,2500,5,1820,1815,-492.368,0.069,1770.192,0.9753,-477.4386,964.877,992.41,-28.62141,FlatLambdaCDM,linear,tanh,step,linear,none,power,,,None,None,False,all,all,all,alpha|beta|gamma|Om0|x1_0,,40,logmass/0.70,,False,3.04358,0.3537,0.05523,0.01553,0.02695,0.01208,0.25603,0.00348,,,,,-0.19464,0.07717,,,,,,,,,,,,,,,,,,,,,,,,,,,,,,,,,,,,,,,,,,,,,,,,,,
sncolour/sncolour_tanh_c0,2026-08-24T10:14:22,2500,5,1820,1815,-448.133,0.063,1685.986,0.9289,-435.3355,880.671,908.204,-28.0945,FlatLambdaCDM,tanh,linear,step,linear,none,power,,,None,None,False,all,all,all,alpha|beta|gamma|Om0|c0,,40,logmass/0.70,,False,3.56641,0.3569,0.25653,0.01554,0.04024,0.01276,0.17381,0.00531,,,,,,,,,,,0.36891,0.10699,,,,,,,,,,,,,,,,,,,,,,,,,,,,,,,,,,,,,,,,,,,,
evolution/zevolve_log_g,2026-08-24T10:14:26,2500,5,1820,1815,-453.888,0.067,1690.39,0.9313,-437.5372,885.074,912.607,-28.58697,FlatLambdaCDM,linear,linear,step,linear,none,log,,,None,None,False,all,all,all,alpha|beta|gamma|Om0|g,alpha:uniform|beta:uniform,40,logmass/0.70,,False,3.09218,0.35702,0.05575,0.01869,0.0372,0.01276,0.17447,0.00536,,,,,,,,,,,,,,,-0.77421,1.42156,,,,,,,,,,,,,,,,,,,,,,,,,,,,,,,,,,,,,,,,
stretch/stretch_quadratic_x10,2026-08-24T10:18:07,2500,5,1820,1815,-454.409,0.066,1697.334,0.9352,-441.0095,892.019,919.552,-28.60654,FlatLambdaCDM,linear,quadratic,step,linear,none,power,,,None,None,False,all,all,all,alpha|beta|gamma|Om0|x1_0,,40,logmass/0.70,,False,3.08974,0.35146,0.05462,0.01541,0.03855,0.01276,0.17415,0.00536,,,,,-0.00316,0.02208,,,,,,,,,,,,,,,,,,,,,,,,,,,,,,,,,,,,,,,,,,,,,,,,,,
evolution/zevolve_step_a,2026-08-24T10:18:42,2500,5,1820,1815,-457.091,0.074,1697.313,0.9352,-440.9991,891.998,919.531,-28.63773,FlatLambdaCDM,linear,linear,step,linear,none,step,,,None,None,False,all,all,all,alpha|beta|gamma|Om0|a,alpha:uniform|beta:uniform,40,logmass/0.70,,False,3.09019,0.35109,0.05592,0.01555,0.03858,0.01256,0.1745,0.00544,,,,,,,,,0.00264,0.02893,,,,,,,,,,,,,,,,,,,,,,,,,,,,,,,,,,,,,,,,,,,,,,
evolution/zevolve_zz_g,2026-08-24T10:24:48,2500,5,1820,1815,-453.849,0.068,1689.232,0.9307,-436.9582,883.916,911.449,-28.58888,FlatLambdaCDM,linear,linear,step,linear,none,zz,,,None,None,False,all,all,all,alpha|beta|gamma|Om0|g,alpha:uniform|beta:uniform,40,logmass/0.70,,False,3.09069,0.35946,0.05598,0.01961,0.03648,0.01265,0.17453,0.00537,,,,,,,,,,,,,,,-0.66364,0.93562,,,,,,,,,,,,,,,,,,,,,,,,,,,,,,,,,,,,,,,,
evolution/zevolve_step_b,2026-08-24T10:26:28,2500,5,1820,1815,-457.616,0.076,1696.851,0.9349,-440.768,891.536,919.069,-28.65044,FlatLambdaCDM,linear,linear,step,linear,none,step,,,None,None,False,all,all,all,alpha|beta|gamma|Om0|b,alpha:uniform|beta:uniform,40,logmass/0.70,,False,3.07956,0.33254,0.05596,0.01987,0.03731,0.01283,0.17404,0.00537,,,,,,,,,,,,,0.00818,0.00578,,,,,,,,,,,,,,,,,,,,,,,,,,,,,,,,,,,,,,,,,,
evolution/zevolve_exp_g,2026-08-24T10:27:08,2500,5,1820,1815,-454.371,0.069,1688.7,0.9304,-436.6925,883.385,910.918,-28.58347,FlatLambdaCDM,linear,linear,step,linear,none,exp,,,None,None,False,all,all,all,alpha|beta|gamma|Om0|g,alpha:uniform|beta:uniform,40,logmass/0.70,,False,3.09061,0.35941,0.0556,0.02013,0.03637,0.01269,0.17448,0.00536,,,,,,,,,,,,,,,-0.30201,0.51147,,,,,,,,,,,,,,,,,,,,,,,,,,,,,,,,,,,,,,,,
evolution/zevolve_power_g,2026-08-24T10:30:03,2500,5,1820,1815,-454.049,0.068,1688.528,0.9303,-436.6063,883.213,910.746,-28.59375,FlatLambdaCDM,linear,linear,step,linear,none,power,,,None,None,False,all,all,all,alpha|beta|gamma|Om0|g,alpha:uniform|beta:uniform,40,logmass/0.70,,False,3.09174,0.35949,0.05554,0.02016,0.03622,0.01252,0.17445,0.00532,,,,,,,,,,,,,,,-0.42139,0.66496,,,,,,,,,,,,,,,,,,,,,,,,,,,,,,,,,,,,,,,,
sncolour/sncolour_dust_sntau,2026-08-24T10:39:32,2500,5,1820,1815,-453.752,0.066,1694.367,0.9335,-439.5261,889.052,916.585,-26.37245,FlatLambdaCDM,dust,linear,step,linear,none,power,,,None,None,False,all,all,all,alpha|beta|gamma|Om0|sn_tau,,40,logmass/0.70,,False,3.41753,0.35154,0.48067,0.01541,0.03864,0.01252,0.1742,0.00529,,,,,,,0.97471,0.03976,,,,,,,,,,,,,,,,,,,,,,,,,,,,,,,,,,,,,,,,,,,,,,,,
stretch/stretch_asymm_gauss_weight_x10x1tau,2026-08-24T10:49:07,3000,6,1820,1814,-604.315,0.059,1997.7,1.1013,-591.1922,1194.384,1227.424,-28.7703,FlatLambdaCDM,linear,asymm_gauss_weight,step,linear,none,power,,,None,None,False,all,all,all,alpha|beta|gamma|Om0|x1_0|x1_tau,,40,logmass/0.70,,False,2.99511,0.33979,0.05498,0.01528,0.00087,0.01225,0.25161,0.00625,0.90491,1.01107,,,-1.4797,0.07419,,,,,,,,,,,,,,,,,,,,,,,,,,,,,,,,,,,,,,,,,,,,,,,,,,
stretch/stretch_softbroken_x10x1tau,2026-08-24T10:50:25,3000,6,1820,1814,-456.009,0.056,1701.087,0.9378,-442.8858,897.772,930.811,-28.99655,FlatLambdaCDM,linear,softbroken,step,linear,none,power,,,None,None,False,all,all,all,alpha|beta|gamma|Om0|x1_0|x1_tau,,40,logmass/0.70,,False,3.09267,0.3512,0.0558,0.01573,0.03637,0.01296,0.17182,0.05749,0.89374,1.00662,,,-0.6514,1.73106,,,,,,,,,,,,,,,,,,,,,,,,,,,,,,,,,,,,,,,,,,,,,,,,,,
stretch/stretch_tanh_x10x1tau,2026-08-24T11:09:41,3000,6,1820,1814,-492.357,0.063,1770.179,0.9758,-477.4321,966.864,999.904,-28.61982,FlatLambdaCDM,linear,tanh,step,linear,none,power,,,None,None,False,all,all,all,alpha|beta|gamma|Om0|x1_0|x1_tau,,40,logmass/0.70,,False,3.04464,0.35378,0.05506,0.01577,0.02707,0.01194,0.25616,0.00337,0.87974,0.99097,,,-0.19457,0.07764,,,,,,,,,,,,,,,,,,,,,,,,,,,,,,,,,,,,,,,,,,,,,,,,,,
stretch/stretch_sigmoid_x10x1tau,2026-08-24T11:15:18,3000,6,1820,1814,-481.971,0.064,1748.202,0.9637,-466.4434,944.887,977.926,-28.62139,FlatLambdaCDM,linear,sigmoid,step,linear,none,power,,,None,None,False,all,all,all,alpha|beta|gamma|Om0|x1_0|x1_tau,,40,logmass/0.70,,False,3.0436,0.35339,0.05548,0.01559,0.0127,0.01205,0.25836,0.00159,0.90112,1.00812,,,-0.24362,0.11493,,,,,,,,,,,,,,,,,,,,,,,,,,,,,,,,,,,,,,,,,,,,,,,,,,
evolution/zevolve_log_ab,2026-08-24T11:20:12,3000,6,1820,1814,-456.091,0.067,1695.803,0.9348,-440.2437,892.487,925.527,-28.64032,FlatLambdaCDM,linear,linear,step,linear,none,log,,,None,None,False,all,all,all,alpha|beta|gamma|Om0|a|b,alpha:uniform|beta:uniform,40,logmass/0.70,,False,3.09312,0.32706,0.05529,0.02486,0.03708,0.01269,0.17632,0.00575,,,,,,,,,0.31966,0.30933,,,0.11622,0.09195,,,,,,,,,,,,,,,,,,,,,,,,,,,,,,,,,,,,,,,,,,
evolution/zevolve_log_bg,2026-08-24T11:24:33,3000,6,1820,1814,-454.549,0.066,1690.35,0.9318,-437.5173,887.035,920.074,-28.60815,FlatLambdaCDM,linear,linear,step,linear,none,log,,,None,None,False,all,all,all,alpha|beta|gamma|Om0|b|g,alpha:uniform|beta:uniform,40,logmass/0.70,,False,3.09606,0.33196,0.05614,0.02563,0.03099,0.01283,0.17457,0.00534,,,,,,,,,,,,,0.21581,0.12803,-3.85295,3.26041,,,,,,,,,,,,,,,,,,,,,,,,,,,,,,,,,,,,,,,,
evolution/zevolve_power_ab,2026-08-24T11:28:16,3000,6,1820,1814,-457.421,0.07,1695.86,0.9349,-440.2726,892.545,925.585,-28.64073,FlatLambdaCDM,linear,linear,step,linear,none,power,,,None,None,False,all,all,all,alpha|beta|gamma|Om0|a|b,alpha:uniform|beta:uniform,40,logmass/0.70,,False,3.09373,0.32485,0.05625,0.02547,0.03668,0.01297,0.17637,0.00575,,,,,,,,,0.1641,0.14197,,,0.05559,0.04177,,,,,,,,,,,,,,,,,,,,,,,,,,,,,,,,,,,,,,,,,,
evolution/zevolve_linear_bg,2026-08-24T11:30:06,3000,6,1820,1814,-455.601,0.069,1691.609,0.9325,-438.1469,888.294,921.333,-28.62102,FlatLambdaCDM,linear,linear,step,linear,none,linear,,,None,None,False,all,all,all,alpha|beta|gamma|Om0|b|g,alpha:uniform|beta:uniform,40,logmass/0.70,,False,3.09041,0.32824,0.05635,0.02557,0.03057,0.01282,0.17438,0.00541,,,,,,,,,,,,,0.07647,0.03819,-1.32211,0.9641,,,,,,,,,,,,,,,,,,,,,,,,,,,,,,,,,,,,,,,,
evolution/zevolve_zz_ab,2026-08-24T11:30:12,3000,6,1820,1814,-456.893,0.069,1695.163,0.9345,-439.9237,891.847,924.887,-28.62565,FlatLambdaCDM,linear,linear,step,linear,none,zz,,,None,None,False,all,all,all,alpha|beta|gamma|Om0|a|b,alpha:uniform|beta:uniform,40,logmass/0.70,,False,3.09716,0.32931,0.05622,0.02527,0.03731,0.01268,0.17734,0.00589,,,,,,,,,0.23651,0.18511,,,0.06306,0.05471,,,,,,,,,,,,,,,,,,,,,,,,,,,,,,,,,,,,,,,,,,
evolution/zevolve_linear_ab,2026-08-24T11:31:01,3000,6,1820,1814,-457.943,0.071,1696.154,0.935,-440.4193,892.839,925.878,-28.64773,FlatLambdaCDM,linear,linear,step,linear,none,linear,,,None,None,False,all,all,all,alpha|beta|gamma|Om0|a|b,alpha:uniform|beta:uniform,40,logmass/0.70,,False,3.08907,0.32313,0.05559,0.02507,0.0366,0.01284,0.17586,0.0056,,,,,,,,,0.10629,0.10472,,,0.04236,0.02902,,,,,,,,,,,,,,,,,,,,,,,,,,,,,,,,,,,,,,,,,,
evolution/zevolve_exp_ab,2026-08-24T11:32:05,3000,6,1820,1814,-458.042,0.071,1696.214,0.9351,-440.4496,892.899,925.939,-28.65108,FlatLambdaCDM,linear,linear,step,linear,none,exp,,,None,None,False,all,all,all,alpha|beta|gamma|Om0|a|b,alpha:uniform|beta:uniform,40,logmass/0.70,,False,3.0881,0.32312,0.05557,0.02495,0.03669,0.01285,0.17581,0.00558,,,,,,,,,0.10522,0.10297,,,0.04235,0.02922,,,,,,,,,,,,,,,,,,,,,,,,,,,,,,,,,,,,,,,,,,
evolution/zevolve_zz_bg,2026-08-24T11:35:06,3000,6,1820,1814,-455.041,0.068,1689.147,0.9312,-436.9159,885.832,918.871,-28.59918,FlatLambdaCDM,linear,linear,step,linear,none,zz,,,None,None,False,all,all,all,alpha|beta|gamma|Om0|b|g,alpha:uniform|beta:uniform,40,logmass/0.70,,False,3.10248,0.33517,0.05639,0.02532,0.02868,0.01278,0.17471,0.00541,,,,,,,,,,,,,0.13729,0.0764,-2.84068,2.03561,,,,,,,,,,,,,,,,,,,,,,,,,,,,,,,,,,,,,,,,
sncolour/sncolour_softbroken_c0sntau,2026-08-24T11:38:37,3000,6,1820,1814,-448.69,0.058,1685.901,0.9294,-435.2928,882.586,915.625,-29.9293,FlatLambdaCDM,softbroken,linear,step,linear,none,power,,,None,None,False,all,all,all,alpha|beta|gamma|Om0|c0|sn_tau,,40,logmass/0.70,,False,3.17695,0.35598,0.44974,0.01583,0.04018,0.01268,0.17398,0.00535,,,,,,,1.22702,0.75377,,,0.03451,0.35278,,,,,,,,,,,,,,,,,,,,,,,,,,,,,,,,,,,,,,,,,,,,
sncolour/sncolour_tanh_c0sntau,2026-08-24T11:38:49,3000,6,1820,1814,-449.546,0.06,1685.982,0.9294,-435.3334,882.667,915.706,-27.23121,FlatLambdaCDM,tanh,linear,step,linear,none,power,,,None,None,False,all,all,all,alpha|beta|gamma|Om0|c0|sn_tau,,40,logmass/0.70,,False,3.57332,0.35627,0.29148,0.01563,0.03988,0.01263,0.17369,0.00534,,,,,,,1.46296,0.79723,,,0.53967,0.36968,,,,,,,,,,,,,,,,,,,,,,,,,,,,,,,,,,,,,,,,,,,,
evolution/zevolve_step_bg,2026-08-24T11:41:58,3000,6,1820,1814,-458.695,0.074,1694.607,0.9342,-439.646,891.292,924.332,-28.6429,FlatLambdaCDM,linear,linear,step,linear,none,step,,,None,None,False,all,all,all,alpha|beta|gamma|Om0|b|g,alpha:uniform|beta:uniform,40,logmass/0.70,,False,3.08321,0.3358,0.05553,0.02042,0.03178,0.01305,0.17378,0.0054,,,,,,,,,,,,,0.01442,0.00768,-0.243,0.20316,,,,,,,,,,,,,,,,,,,,,,,,,,,,,,,,,,,,,,,,
evolution/zevolve_exp_bg,2026-08-24T11:42:20,3000,6,1820,1814,-455.497,0.07,1688.35,0.9307,-436.5174,885.035,918.074,-28.5914,FlatLambdaCDM,linear,linear,step,linear,none,exp,,,None,None,False,all,all,all,alpha|beta|gamma|Om0|b|g,alpha:uniform|beta:uniform,40,logmass/0.70,,False,3.08496,0.33157,0.05589,0.02563,0.02843,0.01262,0.17445,0.00538,,,,,,,,,,,,,0.07558,0.03556,-1.20063,0.69562,,,,,,,,,,,,,,,,,,,,,,,,,,,,,,,,,,,,,,,,
evolution/zevolve_power_bg,2026-08-24T11:43:02,3000,6,1820,1814,-455.158,0.069,1688.413,0.9308,-436.5487,885.097,918.137,-28.60768,FlatLambdaCDM,linear,linear,step,linear,none,power,,,None,None,False,all,all,all,alpha|beta|gamma|Om0|b|g,alpha:uniform|beta:uniform,40,logmass/0.70,,False,3.09207,0.33167,0.05641,0.02552,0.02788,0.01273,0.17452,0.00542,,,,,,,,,,,,,0.10786,0.05361,-1.62156,0.9231,,,,,,,,,,,,,,,,,,,,,,,,,,,,,,,,,,,,,,,,
evolution/zevolve_step_ab,2026-08-24T11:50:44,3000,6,1820,1814,-461.294,0.077,1696.789,0.9354,-440.7371,893.474,926.514,-28.65409,FlatLambdaCDM,linear,linear,step,linear,none,step,,,None,None,False,all,all,all,alpha|beta|gamma|Om0|a|b,alpha:uniform|beta:uniform,40,logmass/0.70,,False,3.08035,0.33211,0.05651,0.02022,0.0367,0.01278,0.17413,0.00544,,,,,,,,,0.00792,0.02937,,,0.00852,0.00584,,,,,,,,,,,,,,,,,,,,,,,,,,,,,,,,,,,,,,,,,,
sncolour/sncolour_dust_c0sntau,2026-08-24T12:13:33,3000,6,1820,1814,-451.785,0.067,1682.178,0.9273,-433.4311,878.862,911.902,-30.19951,FlatLambdaCDM,dust,linear,step,linear,none,power,,,None,None,False,all,all,all,alpha|beta|gamma|Om0|c0|sn_tau,,40,logmass/0.70,,False,2.9988,0.35639,0.47422,0.01542,0.03967,0.01289,0.17366,0.00539,,,,,,,1.03506,0.09438,,,0.0106,0.48401,,,,,,,,,,,,,,,,,,,,,,,,,,,,,,,,,,,,,,,,,,,,
evolution/zevolve_log_abg,2026-08-24T12:17:29,3500,7,1820,1813,-455.692,0.063,1690.276,0.9323,-437.4804,888.961,927.507,-28.59908,FlatLambdaCDM,linear,linear,step,linear,none,log,,,None,None,False,all,all,all,alpha|beta|gamma|Om0|a|b|g,alpha:uniform|beta:uniform,40,logmass/0.70,,False,3.09662,0.33144,0.05545,0.02511,0.03111,0.01308,0.1757,0.00569,,,,,,,,,0.22037,0.31237,,,0.20503,0.12354,-3.34243,3.21717,,,,,,,,,,,,,,,,,,,,,,,,,,,,,,,,,,,,,,,,
evolution/zevolve_zz_abg,2026-08-24T12:29:41,3500,7,1820,1813,-456.524,0.066,1689.149,0.9317,-436.9167,887.833,926.38,-28.60937,FlatLambdaCDM,linear,linear,step,linear,none,zz,,,None,None,False,all,all,all,alpha|beta|gamma|Om0|a|b|g,alpha:uniform|beta:uniform,40,logmass/0.70,,False,3.10233,0.33426,0.0559,0.02502,0.02935,0.01308,0.17661,0.0059,,,,,,,,,0.16614,0.18877,,,0.12645,0.07576,-2.34343,1.99501,,,,,,,,,,,,,,,,,,,,,,,,,,,,,,,,,,,,,,,,
evolution/zevolve_linear_abg,2026-08-24T12:33:20,3500,7,1820,1813,-457.939,0.068,1691.602,0.933,-438.1432,890.286,928.832,-28.62051,FlatLambdaCDM,linear,linear,step,linear,none,linear,,,None,None,False,all,all,all,alpha|beta|gamma|Om0|a|b|g,alpha:uniform|beta:uniform,40,logmass/0.70,,False,3.09127,0.32725,0.05598,0.02496,0.03086,0.01281,0.17531,0.00567,,,,,,,,,0.06652,0.1101,,,0.0734,0.03804,-1.15685,0.96739,,,,,,,,,,,,,,,,,,,,,,,,,,,,,,,,,,,,,,,,
cosmo/cosmowCDM,2026-08-24T12:37:01,2500,5,1820,1815,-451.668,0.057,1695.714,0.9343,-440.1995,890.399,917.932,-28.65655,wCDM,linear,linear,step,linear,none,power,,,None,None,False,all,all,all,alpha|beta|gamma|Om0|w,,40,logmass/0.70,,False,3.08983,0.33271,0.05509,0.02703,0.03857,0.01297,0.17433,0.00534,,,,,,,,,,,,,,,,,-0.93009,0.09027,,,,,,,,,,,,,,,,,,,,,,,,,,,,,,,,,,,,,,
evolution/zevolve_power_abg,2026-08-24T12:39:26,3500,7,1820,1813,-457.032,0.068,1688.304,0.9312,-436.4944,886.989,925.535,-28.60224,FlatLambdaCDM,linear,linear,step,linear,none,power,,,None,None,False,all,all,all,alpha|beta|gamma|Om0|a|b|g,alpha:uniform|beta:uniform,40,logmass/0.70,,False,3.09429,0.33044,0.05567,0.02553,0.02803,0.01276,0.1758,0.0057,,,,,,,,,0.11094,0.14587,,,0.10403,0.05394,-1.44873,0.96149,,,,,,,,,,,,,,,,,,,,,,,,,,,,,,,,,,,,,,,,
evolution/zevolve_exp_abg,2026-08-24T12:44:30,3500,7,1820,1813,-457.681,0.069,1688.533,0.9313,-436.6086,887.217,925.763,-28.60752,FlatLambdaCDM,linear,linear,step,linear,none,exp,,,None,None,False,all,all,all,alpha|beta|gamma|Om0|a|b|g,alpha:uniform|beta:uniform,40,logmass/0.70,,False,3.08802,0.32988,0.05555,0.02571,0.02846,0.01269,0.17515,0.00561,,,,,,,,,0.064,0.10627,,,0.07432,0.03569,-1.09626,0.7208,,,,,,,,,,,,,,,,,,,,,,,,,,,,,,,,,,,,,,,,
evolution/zevolve_step_abg,2026-08-24T12:54:15,3500,7,1820,1813,-462.27,0.074,1694.571,0.9347,-439.628,893.256,931.802,-28.6378,FlatLambdaCDM,linear,linear,step,linear,none,step,,,None,None,False,all,all,all,alpha|beta|gamma|Om0|a|b|g,alpha:uniform|beta:uniform,40,logmass/0.70,,False,3.08328,0.3358,0.05575,0.02055,0.03176,0.01311,0.17359,0.00546,,,,,,,,,-0.00322,0.03073,,,0.01451,0.0078,-0.24566,0.21409,,,,,,,,,,,,,,,,,,,,,,,,,,,,,,,,,,,,,,,,
host_col/ssfr_none_hcol_linear_mass_linear,2026-08-24T14:17:35,2000,4,1820,1816,-444.496,0.057,1687.338,0.9292,-436.0116,880.023,902.05,-28.64176,FlatLambdaCDM,linear,linear,linear,linear,none,power,,,None,None,False,all,all,all,alpha|beta|gamma|Om0,,40,logmass/0.70,,False,3.09184,0.34591,0.0555,0.01537,0.07083,0.01578,0.17679,0.00527,,,,,,,,,,,,,,,,,,,,,,,,,,,,,,,,,,,,,,,,,,,,,,,,,,,,,,,,
host_col/ssfr_none_hcol_linear_mass_double_step,2026-08-24T14:18:53,2000,4,1820,1816,-444.68,0.057,1687.504,0.9292,-436.0946,880.189,902.216,-28.64275,FlatLambdaCDM,linear,linear,double_step,linear,none,power,,,None,None,False,all,all,all,alpha|beta|gamma|Om0,,40,logmass/0.70,,False,3.08756,0.34701,0.0552,0.01545,0.0703,0.01577,0.17622,0.00522,,,,,,,,,,,,,,,,,,,,,,,,,,,,,,,,,,,,,,,,,,,,,,,,,,,,,,,,
sncolour/sncolour_stepbroken,2026-08-24T14:19:38,2000,4,1820,1816,-663.481,0.057,2125.525,1.1704,-655.1047,1318.209,1340.236,-29.78257,FlatLambdaCDM,stepbroken,linear,step,linear,none,power,,,None,None,False,all,all,all,alpha|beta|gamma|Om0,,40,logmass/0.70,,False,2.77869,0.32819,0.05354,0.01537,0.0277,0.01288,0.17477,0.00536,,,,,,,,,,,,,,,,,,,,,,,,,,,,,,,,,,,,,,,,,,,,,,,,,,,,,,,,
host_col/ssfr_none_hcol_linear_mass_sigmoid,2026-08-24T14:22:48,2000,4,1820,1816,-446.822,0.058,1691.329,0.9313,-438.0069,884.014,906.04,-28.64006,FlatLambdaCDM,linear,linear,sigmoid,linear,none,power,,,None,None,False,all,all,all,alpha|beta|gamma|Om0,,40,logmass/0.70,,False,3.08984,0.34877,0.05523,0.01543,0.05972,0.01535,0.17625,0.00534,,,,,,,,,,,,,,,,,,,,,,,,,,,,,,,,,,,,,,,,,,,,,,,,,,,,,,,,
host_col/ssfr_none_hcol_linear_mass_gaussian_weight,2026-08-24T14:24:10,2000,4,1820,1816,-453.101,0.055,1705.129,0.9389,-444.9071,897.814,919.841,-28.64767,FlatLambdaCDM,linear,linear,gaussian_weight,linear,none,power,,,None,None,False,all,all,all,alpha|beta|gamma|Om0,,40,logmass/0.70,,False,3.08631,0.35314,0.05553,0.01541,-0.03743,0.03564,0.16829,0.00506,,,,,,,,,,,,,,,,,,,,,,,,,,,,,,,,,,,,,,,,,,,,,,,,,,,,,,,,
sncolour/sncolour_asymm_gauss_weight,2026-08-24T14:24:40,2000,4,1820,1816,-475.275,0.062,1745.901,0.9614,-465.2929,938.586,960.612,-29.85872,FlatLambdaCDM,asymm_gauss_weight,linear,step,linear,none,power,,,None,None,False,all,all,all,alpha|beta|gamma|Om0,,40,logmass/0.70,,False,3.5789,0.35985,0.06491,0.01556,0.04146,0.01277,0.17442,0.00533,,,,,,,,,,,,,,,,,,,,,,,,,,,,,,,,,,,,,,,,,,,,,,,,,,,,,,,,
host_col/ssfr_none_hcol_linear_eta_mass_none,2026-08-24T14:26:04,2000,4,1820,1816,-450.977,0.066,1694.915,0.9333,-439.7998,887.6,909.626,-28.60399,FlatLambdaCDM,linear,linear,none,linear,none,power,,,None,None,False,all,all,all,alpha|beta|Om0|eta,,40,logmass/0.70,,False,3.08263,0.36086,0.05575,0.01596,,,0.17438,0.00528,,,,,,,,,,,,,,,,,,,0.07277,0.01177,,,,,,,,,,,,,,,,,,,,,,,,,,,,,,,,,,,,
host_col/ssfr_none_hcol_linear_mass_tanh,2026-08-24T14:28:30,2000,4,1820,1816,-446.813,0.051,1694.408,0.933,-439.5464,887.093,909.119,-28.6382,FlatLambdaCDM,linear,linear,tanh,linear,none,power,,,None,None,False,all,all,all,alpha|beta|gamma|Om0,,40,logmass/0.70,,False,3.09005,0.35035,0.05492,0.01557,0.23817,0.06637,0.1752,0.00526,,,,,,,,,,,,,,,,,,,,,,,,,,,,,,,,,,,,,,,,,,,,,,,,,,,,,,,,
sncolour/sncolour_asymm_gauss_weight_sntau,2026-08-24T15:04:47,2500,5,1820,1815,-451.359,0.057,1697.403,0.9352,-441.0437,892.087,919.62,-29.87401,FlatLambdaCDM,asymm_gauss_weight,linear,step,linear,none,power,,,None,None,False,all,all,all,alpha|beta|gamma|Om0|sn_tau,,40,logmass/0.70,,False,3.11025,0.35141,0.05961,0.01548,0.03872,0.0125,0.17447,0.00531,,,,,,,2.12619,0.92492,,,,,,,,,,,,,,,,,,,,,,,,,,,,,,,,,,,,,,,,,,,,,,,,
host_col/ssfr_none_hcol_linear_mass_tanh_M0,2026-08-24T15:07:39,2500,5,1820,1815,-445.217,0.049,1688.523,0.9303,-436.6039,883.208,910.741,-28.66781,FlatLambdaCDM,linear,linear,tanh,linear,none,power,,,None,None,False,all,all,all,alpha|beta|gamma|Om0|M0,,40,logmass/0.70,,False,3.08029,0.34806,0.05568,0.01543,0.28914,0.06507,0.17413,0.00515,,,,,,,,,,,,,,,,,,,,,10.49593,0.42211,,,,,,,,,,,,,,,,,,,,,,,,,,,,,,,,,,
host_col/ssfr_none_hcol_linear_mass_sigmoid_M0,2026-08-24T15:09:48,2500,5,1820,1815,-445.619,0.052,1687.576,0.9298,-436.1302,882.26,909.793,-28.6734,FlatLambdaCDM,linear,linear,sigmoid,linear,none,power,,,None,None,False,all,all,all,alpha|beta|gamma|Om0|M0,,40,logmass/0.70,,False,3.08011,0.34709,0.05552,0.01548,0.08171,0.0265,0.17497,0.00532,,,,,,,,,,,,,,,,,,,,,10.5978,0.42888,,,,,,,,,,,,,,,,,,,,,,,,,,,,,,,,,,
interaction/interaction_betagamma,2026-08-24T15:17:50,2500,5,1820,1815,-450.271,0.059,1692.297,0.9324,-438.4908,886.982,914.514,-28.64161,FlatLambdaCDM,linear,linear,step,linear,none,power,,,None,None,False,all,all,all,alpha|beta|gamma|Om0|beta_gamma,,40,logmass/0.70,,False,3.03955,0.35508,0.06408,0.0159,0.01982,0.01384,0.1756,0.00539,,,,,,,,,,,,,,,,,,,,,,,-1.32755,0.87564,,,,,,,,,,,,,,,,,,,,,,,,,,,,,,,,
host_col/ssfr_none_hcol_sigmoid_etaC0_mass_none,2026-08-24T15:25:29,2500,5,1820,1815,-450.099,0.058,1692.599,0.9326,-438.6421,887.284,914.817,-28.74747,FlatLambdaCDM,linear,linear,none,sigmoid,none,power,,,None,None,False,all,all,all,alpha|beta|Om0|eta|C0,,40,logmass/0.70,,False,3.07894,0.36078,0.05557,0.01569,,,0.17388,0.00528,,,,,,,,,,,,,,,,,,,0.48438,0.66933,,,,,2.46274,1.3757,,,,,,,,,,,,,,,,,,,,,,,,,,,,,,
host_col/ssfr_none_hcol_linear_eta_mass_linear,2026-08-24T15:26:05,2500,5,1820,1815,-448.509,0.064,1687.109,0.9295,-435.8969,881.794,909.327,-28.63358,FlatLambdaCDM,linear,linear,linear,linear,none,power,,,None,None,False,all,all,all,alpha|beta|gamma|Om0|eta,,40,logmass/0.70,,False,3.09116,0.3473,0.05514,0.01607,0.06772,0.02157,0.1769,0.00531,,,,,,,,,,,,,,,,,,,0.0384,0.01591,,,,,,,,,,,,,,,,,,,,,,,,,,,,,,,,,,,,
interaction/interaction_gammaalpha,2026-08-24T15:26:11,2500,5,1820,1815,-447.333,0.063,1684.987,0.9284,-434.8357,879.671,907.204,-28.62674,FlatLambdaCDM,linear,linear,step,linear,none,power,,,None,None,False,all,all,all,alpha|beta|gamma|Om0|gamma_alpha,,40,logmass/0.70,,False,3.09384,0.35286,0.05609,0.01551,0.04479,0.013,0.20172,0.0093,,,,,,,,,,,,,,,,,,,,,,,,,,,-0.55677,0.17494,,,,,,,,,,,,,,,,,,,,,,,,,,,,
host_col/ssfr_none_hcol_broken_etaC0_mass_none,2026-08-24T15:27:09,2500,5,1820,1815,-451.047,0.061,1691.774,0.9321,-438.2293,886.459,913.992,-28.64154,FlatLambdaCDM,linear,linear,none,broken,none,power,,,None,None,False,all,all,all,alpha|beta|Om0|eta|C0,,40,logmass/0.70,,False,3.08084,0.36095,0.05472,0.01586,,,0.17446,0.00523,,,,,,,,,,,,,,,,,,,0.0583,0.01856,,,,,2.02439,2.38644,,,,,,,,,,,,,,,,,,,,,,,,,,,,,,
interaction/interaction_betaalpha,2026-08-24T15:27:31,2500,5,1820,1815,-453.722,0.066,1696.167,0.9345,-440.4257,890.851,918.384,-28.64611,FlatLambdaCDM,linear,linear,step,linear,none,power,,,None,None,False,all,all,all,alpha|beta|gamma|Om0|beta_alpha,,40,logmass/0.70,,False,3.08068,0.35085,0.05576,0.01521,0.03799,0.01266,0.19332,0.01917,,,,,,,,,,,,,,,,,,,,,,,,,,,,,0.04695,0.04605,,,,,,,,,,,,,,,,,,,,,,,,,,
host_col/ssfr_none_hcol_linear_mass_step_M0,2026-08-24T15:27:58,2500,5,1820,1815,-447.689,0.055,1687.55,0.9298,-436.1171,882.234,909.767,-28.66669,FlatLambdaCDM,linear,linear,step,linear,none,power,,,None,None,False,all,all,all,alpha|beta|gamma|Om0|M0,,40,logmass/0.70,,False,3.08317,0.34853,0.05618,0.01557,0.05186,0.01439,0.17377,0.00515,,,,,,,,,,,,,,,,,,,,,10.36763,0.50856,,,,,,,,,,,,,,,,,,,,,,,,,,,,,,,,,,
host_col/ssfr_none_hcol_linear_eta_mass_double_step,2026-08-24T15:29:13,2500,5,1820,1815,-448.567,0.064,1687.062,0.9295,-435.8732,881.746,909.279,-28.63132,FlatLambdaCDM,linear,linear,double_step,linear,none,power,,,None,None,False,all,all,all,alpha|beta|gamma|Om0|eta,,40,logmass/0.70,,False,3.08553,0.34882,0.05568,0.01614,0.06486,0.02105,0.17657,0.0053,,,,,,,,,,,,,,,,,,,0.04131,0.01552,,,,,,,,,,,,,,,,,,,,,,,,,,,,,,,,,,,,
host_col/ssfr_none_hcol_linear_mass_gaussian_weight_M0,2026-08-24T15:32:26,2500,5,1820,1815,-452.927,0.05,1700.163,0.9367,-442.4237,894.847,922.38,-28.6478,FlatLambdaCDM,linear,linear,gaussian_weight,linear,none,power,,,None,None,False,all,all,all,alpha|beta|gamma|Om0|M0,,40,logmass/0.70,,False,3.08627,0.35308,0.05562,0.01566,0.02483,0.05274,0.16917,0.00503,,,,,,,,,,,,,,,,,,,,,10.24764,0.59751,,,,,,,,,,,,,,,,,,,,,,,,,,,,,,,,,,
host_col/ssfr_none_hcol_linear_mass_sigmoid_M0tau,2026-08-24T15:36:53,3000,6,1820,1814,-443.989,0.046,1684.969,0.9289,-434.8271,881.654,914.694,-28.69945,FlatLambdaCDM,linear,linear,sigmoid,linear,none,power,,,None,None,False,all,all,all,alpha|beta|gamma|Om0|M0|tau,,40,logmass/0.70,,False,3.08981,0.34652,0.05538,0.01552,0.20882,0.09054,0.17653,0.0053,,,,,,,,,,,,,,,,,,,,,10.46355,0.53125,,,,,,,,,1.34302,0.82439,,,,,,,,,,,,,,,,,,,,,,,,
host_col/ssfr_none_hcol_linear_eta_mass_step,2026-08-24T15:37:17,2500,5,1820,1815,-452.777,0.066,1693.74,0.9332,-439.2124,888.425,915.958,-28.61331,FlatLambdaCDM,linear,linear,step,linear,none,power,,,None,None,False,all,all,all,alpha|beta|gamma|Om0|eta,,40,logmass/0.70,,False,3.0858,0.35693,0.05573,0.01617,0.02211,0.01637,0.17558,0.00537,,,,,,,,,,,,,,,,,,,0.05962,0.01532,,,,,,,,,,,,,,,,,,,,,,,,,,,,,,,,,,,,
sncolour/sncolour_stepbroken_sntau,2026-08-24T15:38:00,2500,5,1820,1815,-448.01,0.064,1685.186,0.9285,-434.9354,879.871,907.404,-29.89389,FlatLambdaCDM,stepbroken,linear,step,linear,none,power,,,None,None,False,all,all,all,alpha|beta|gamma|Om0|sn_tau,,40,logmass/0.70,,False,3.07878,0.35727,0.05542,0.01578,0.04046,0.01271,0.1735,0.00535,,,,,,,1.22186,0.07299,,,,,,,,,,,,,,,,,,,,,,,,,,,,,,,,,,,,,,,,,,,,,,,,
host_col/ssfr_none_hcol_quadratic_etaC0_mass_none,2026-08-24T15:50:04,2500,5,1820,1815,-452.767,0.066,1693.163,0.9329,-438.9239,887.848,915.381,-28.6673,FlatLambdaCDM,linear,linear,none,quadratic,none,power,,,None,None,False,all,all,all,alpha|beta|Om0|eta|C0,,40,logmass/0.70,,False,3.07774,0.36153,0.05562,0.01567,,,0.17387,0.00524,,,,,,,,,,,,,,,,,,,0.07193,0.01194,,,,,0.32988,0.26615,,,,,,,,,,,,,,,,,,,,,,,,,,,,,,
host_col/ssfr_none_hcol_tanh_etaC0_mass_none,2026-08-24T15:58:25,2500,5,1820,1815,-450.562,0.064,1690.131,0.9312,-437.4081,884.816,912.349,-28.70386,FlatLambdaCDM,linear,linear,none,tanh,none,power,,,None,None,False,all,all,all,alpha|beta|Om0|eta|C0,,40,logmass/0.70,,False,3.07716,0.36051,0.05518,0.01574,,,0.17506,0.00529,,,,,,,,,,,,,,,,,,,0.10833,0.0301,,,,,1.32273,0.32579,,,,,,,,,,,,,,,,,,,,,,,,,,,,,,
host_col/ssfr_none_hcol_linear_mass_tanh_M0tau,2026-08-24T16:05:20,3000,6,1820,1814,-444.63,0.048,1684.957,0.9289,-434.8209,881.642,914.681,-28.69841,FlatLambdaCDM,linear,linear,tanh,linear,none,power,,,None,None,False,all,all,all,alpha|beta|gamma|Om0|M0|tau,,40,logmass/0.70,,False,3.08418,0.34677,0.05542,0.01554,0.1362,0.07324,0.17614,0.00533,,,,,,,,,,,,,,,,,,,,,10.54392,0.48739,,,,,,,,,1.3722,0.95853,,,,,,,,,,,,,,,,,,,,,,,,
host_col/ssfr_none_hcol_sigmoid_etaC0_mass_linear,2026-08-24T16:17:26,3000,6,1820,1814,-446.123,0.055,1683.983,0.9283,-434.3337,880.667,913.707,-28.97216,FlatLambdaCDM,linear,linear,linear,sigmoid,none,power,,,None,None,False,all,all,all,alpha|beta|gamma|Om0|eta|C0,,40,logmass/0.70,,False,3.08898,0.34685,0.05566,0.01584,0.07391,0.01996,0.17702,0.00536,,,,,,,,,,,,,,,,,,,0.77545,0.78097,,,,,4.02855,1.55552,,,,,,,,,,,,,,,,,,,,,,,,,,,,,,
host_col/ssfr_none_hcol_linear_mass_double_step_M0M1,2026-08-24T16:25:24,3000,6,1820,1814,-445.475,0.053,1680.423,0.9264,-432.5539,877.108,910.147,-28.64278,FlatLambdaCDM,linear,linear,double_step,linear,none,power,,,None,None,False,all,all,all,alpha|beta|gamma|Om0|M0|M1,,40,logmass/0.70,,False,3.08844,0.34626,0.05581,0.01559,0.08545,0.02275,0.17572,0.00532,,,,,,,,,,,,,,,,,,,,,9.58727,0.36226,,,,,,,,,,,10.77801,0.23802,,,,,,,,,,,,,,,,,,,,,,
host_col/ssfr_none_hcol_sigmoid_etaC0_mass_double_step,2026-08-24T16:32:19,3000,6,1820,1814,-446.276,0.055,1684.039,0.9284,-434.3616,880.723,913.763,-28.92157,FlatLambdaCDM,linear,linear,double_step,sigmoid,none,power,,,None,None,False,all,all,all,alpha|beta|gamma|Om0|eta|C0,,40,logmass/0.70,,False,3.08338,0.34803,0.05516,0.01597,0.07157,0.01956,0.17653,0.00537,,,,,,,,,,,,,,,,,,,0.75637,0.758,,,,,3.92778,1.55983,,,,,,,,,,,,,,,,,,,,,,,,,,,,,,
host_col/ssfr_none_hcol_sigmoid_etaC0_mass_step,2026-08-24T16:32:19,3000,6,1820,1814,-450.994,0.057,1691.07,0.9322,-437.8776,887.755,920.795,-28.78528,FlatLambdaCDM,linear,linear,step,sigmoid,none,power,,,None,None,False,all,all,all,alpha|beta|gamma|Om0|eta|C0,,40,logmass/0.70,,False,3.08361,0.35615,0.05565,0.01586,0.03023,0.01577,0.17564,0.00536,,,,,,,,,,,,,,,,,,,0.78098,0.85026,,,,,3.48337,1.52061,,,,,,,,,,,,,,,,,,,,,,,,,,,,,,
host_col/ssfr_none_hcol_asymm_etaC0htau_mass_none,2026-08-24T16:36:42,3000,6,1820,1814,-450.698,0.054,1690.619,0.932,-437.6517,887.303,920.343,-28.63751,FlatLambdaCDM,linear,linear,none,asymm,none,power,,,None,None,False,all,all,all,alpha|beta|Om0|eta|C0|htau,,40,logmass/0.70,,False,3.08409,0.36083,0.05538,0.01589,,,0.17416,0.00524,,,,,,,,,,,,,,,,,,,0.39247,0.46148,,,,,0.13429,2.55024,,,,,,,,,0.70492,1.01344,,,,,,,,,,,,,,,,,,,,
host_col/ssfr_none_hcol_broken_etaC0_mass_linear,2026-08-24T16:36:57,3000,6,1820,1814,-448.622,0.059,1683.816,0.9282,-434.2501,880.5,913.54,-28.66268,FlatLambdaCDM,linear,linear,linear,broken,none,power,,,None,None,False,all,all,all,alpha|beta|gamma|Om0|eta|C0,,40,logmass/0.70,,False,3.09089,0.34729,0.05511,0.01618,0.0675,0.02127,0.17721,0.00534,,,,,,,,,,,,,,,,,,,0.03161,0.01506,,,,,1.93009,2.29254,,,,,,,,,,,,,,,,,,,,,,,,,,,,,,
host_col/ssfr_none_hcol_broken_etaC0_mass_double_step,2026-08-24T16:43:58,3000,6,1820,1814,-448.725,0.06,1683.831,0.9282,-434.258,880.516,913.556,-28.65599,FlatLambdaCDM,linear,linear,double_step,broken,none,power,,,None,None,False,all,all,all,alpha|beta|gamma|Om0|eta|C0,,40,logmass/0.70,,False,3.08556,0.34946,0.05543,0.01613,0.06472,0.0206,0.17672,0.00534,,,,,,,,,,,,,,,,,,,0.03361,0.01499,,,,,1.85835,2.26214,,,,,,,,,,,,,,,,,,,,,,,,,,,,,,
sncolour/sncolour_asymm_gauss_weight_c0sntau,2026-08-24T16:44:09,3000,6,1820,1814,-448.941,0.059,1685.994,0.9294,-435.3395,882.679,915.719,-29.88204,FlatLambdaCDM,asymm_gauss_weight,linear,step,linear,none,power,,,None,None,False,all,all,all,alpha|beta|gamma|Om0|c0|sn_tau,,40,logmass/0.70,,False,3.54146,0.35673,0.28041,0.01558,0.04025,0.01299,0.17371,0.00532,,,,,,,1.79877,0.79094,,,0.92237,0.56988,,,,,,,,,,,,,,,,,,,,,,,,,,,,,,,,,,,,,,,,,,,,
host_col/ssfr_none_hcol_broken_etaC0_mass_step,2026-08-24T16:45:28,3000,6,1820,1814,-452.816,0.061,1690.293,0.9318,-437.4889,886.978,920.017,-28.65689,FlatLambdaCDM,linear,linear,step,broken,none,power,,,None,None,False,all,all,all,alpha|beta|gamma|Om0|eta|C0,,40,logmass/0.70,,False,3.08565,0.35673,0.05573,0.01612,0.02262,0.01609,0.1757,0.00534,,,,,,,,,,,,,,,,,,,0.0473,0.0174,,,,,1.87803,2.26528,,,,,,,,,,,,,,,,,,,,,,,,,,,,,,
host_col/ssfr_none_hcol_linear_mass_gaussian_weight_M0tau,2026-08-24T16:45:31,3000,6,1820,1814,-449.949,0.054,1688.364,0.9307,-436.5242,885.048,918.088,-28.66994,FlatLambdaCDM,linear,linear,gaussian_weight,linear,none,power,,,None,None,False,all,all,all,alpha|beta|gamma|Om0|M0|tau,,40,logmass/0.70,,False,3.08117,0.34927,0.05718,0.01579,0.05084,0.03548,0.17282,0.00525,,,,,,,,,,,,,,,,,,,,,10.40635,0.45112,,,,,,,,,2.51133,0.99345,,,,,,,,,,,,,,,,,,,,,,,,
host_col/ssfr_none_hcol_linear_eta_mass_linear_xihcolmass,2026-08-24T16:55:35,3000,6,1820,1814,-452.495,0.068,1686.21,0.9296,-435.4475,882.895,915.934,-28.63339,FlatLambdaCDM,linear,linear,linear,linear,none,power,,,None,None,False,all,all,all,alpha|beta|gamma|Om0|eta|xi_mass_col,,40,logmass/0.70,,False,3.0884,0.34597,0.05577,0.01624,0.04239,0.03316,0.17762,0.0054,,,,,,,,,,,,,,,,,,,0.0382,0.01611,,,,,,,,,,,,,,,,,0.01585,0.01548,,,,,,,,,,,,,,,,,,
host_col/ssfr_none_hcol_quadratic_etaC0_mass_linear,2026-08-24T16:57:38,3000,6,1820,1814,-446.656,0.061,1680.404,0.9264,-432.5443,877.089,910.128,-28.66242,FlatLambdaCDM,linear,linear,linear,quadratic,none,power,,,None,None,False,all,all,all,alpha|beta|gamma|Om0|eta|C0,,40,logmass/0.70,,False,3.08256,0.34301,0.05538,0.01579,0.09349,0.0207,0.17748,0.0053,,,,,,,,,,,,,,,,,,,0.02649,0.01335,,,,,2.41058,1.44738,,,,,,,,,,,,,,,,,,,,,,,,,,,,,,
host_col/ssfr_none_hcol_linear_mass_spline_k1k2k3,2026-08-24T16:58:19,3500,7,1820,1813,-446.711,0.046,1688.651,0.9314,-436.6679,887.336,925.882,-28.64753,FlatLambdaCDM,linear,linear,spline,linear,none,power,,,None,None,False,all,all,all,alpha|beta|gamma|Om0|k1|k2|k3,,40,logmass/0.70,,False,3.07806,0.34817,0.05601,0.01547,0.02038,0.12454,0.17532,0.00526,,,,,,,,,,,,,,,,,,,,,,,,,,,,,,,,,,,,,,,0.01911,0.00849,-0.00209,1.12027,0.82275,1.32044,,,,,,,,,,,,
host_col/ssfr_none_hcol_sigmoid_etaC0htau_mass_none,2026-08-24T16:59:02,3000,6,1820,1814,-450.46,0.056,1687.033,0.93,-435.8589,883.718,916.757,-28.69205,FlatLambdaCDM,linear,linear,none,sigmoid,none,power,,,None,None,False,all,all,all,alpha|beta|Om0|eta|C0|htau,,40,logmass/0.70,,False,3.07886,0.36005,0.05548,0.0159,,,0.1746,0.00544,,,,,,,,,,,,,,,,,,,0.35993,0.32546,,,,,2.0648,1.86657,,,,,,,,,1.49892,1.14848,,,,,,,,,,,,,,,,,,,,
host_col/ssfr_none_hcol_quadratic_etaC0_mass_double_step,2026-08-24T17:03:50,3000,6,1820,1814,-447.532,0.062,1681.393,0.9269,-433.0387,878.077,911.117,-28.66461,FlatLambdaCDM,linear,linear,double_step,quadratic,none,power,,,None,None,False,all,all,all,alpha|beta|gamma|Om0|eta|C0,,40,logmass/0.70,,False,3.07698,0.34521,0.05589,0.016,0.08668,0.02111,0.17669,0.00532,,,,,,,,,,,,,,,,,,,0.03047,0.0144,,,,,1.93868,1.31917,,,,,,,,,,,,,,,,,,,,,,,,,,,,,,
host_col/ssfr_none_hcol_tanh_etaC0_mass_linear,2026-08-24T17:05:17,3000,6,1820,1814,-446.721,0.054,1682.323,0.9274,-433.5037,879.007,912.047,-28.72166,FlatLambdaCDM,linear,linear,linear,tanh,none,power,,,None,None,False,all,all,all,alpha|beta|gamma|Om0|eta|C0,,40,logmass/0.70,,False,3.09002,0.34371,0.05577,0.0164,0.0849,0.02222,0.17645,0.00538,,,,,,,,,,,,,,,,,,,0.55764,1.03955,,,,,2.68713,1.74979,,,,,,,,,,,,,,,,,,,,,,,,,,,,,,
host_col/ssfr_none_hcol_linear_eta_mass_step_xihcolmass,2026-08-24T17:08:39,3000,6,1820,1814,-456.999,0.07,1693.542,0.9336,-439.1136,890.227,923.267,-28.61016,FlatLambdaCDM,linear,linear,step,linear,none,power,,,None,None,False,all,all,all,alpha|beta|gamma|Om0|eta|xi_mass_col,,40,logmass/0.70,,False,3.08647,0.35579,0.05566,0.01604,0.00891,0.02763,0.17619,0.00545,,,,,,,,,,,,,,,,,,,0.05812,0.01534,,,,,,,,,,,,,,,,,0.00905,0.01514,,,,,,,,,,,,,,,,,,
host_col/ssfr_none_hcol_linear_eta_mass_sigmoid_xihcolmass,2026-08-24T17:10:11,3000,6,1820,1814,-454.442,0.068,1689.977,0.9316,-437.331,886.662,919.702,-28.62486,FlatLambdaCDM,linear,linear,sigmoid,linear,none,power,,,None,None,False,all,all,all,alpha|beta|gamma|Om0|eta|xi_mass_col,,40,logmass/0.70,,False,3.08734,0.35075,0.05575,0.01599,0.02974,0.03373,0.17727,0.00536,,,,,,,,,,,,,,,,,,,0.04508,0.01598,,,,,,,,,,,,,,,,,0.013,0.01698,,,,,,,,,,,,,,,,,,
host_col/ssfr_none_hcol_quadratic_etaC0_mass_step,2026-08-24T17:14:06,3000,6,1820,1814,-453.122,0.064,1690.308,0.9318,-437.4962,886.992,920.032,-28.66358,FlatLambdaCDM,linear,linear,step,quadratic,none,power,,,None,None,False,all,all,all,alpha|beta|gamma|Om0|eta|C0,,40,logmass/0.70,,False,3.07965,0.35441,0.05571,0.01601,0.03846,0.01796,0.17583,0.00534,,,,,,,,,,,,,,,,,,,0.04893,0.01619,,,,,0.95912,0.75671,,,,,,,,,,,,,,,,,,,,,,,,,,,,,,
host_col/ssfr_none_hcol_tanh_etaC0_mass_double_step,2026-08-24T17:18:31,3000,6,1820,1814,-447.106,0.055,1682.406,0.9275,-433.5454,879.091,912.13,-28.72183,FlatLambdaCDM,linear,linear,double_step,tanh,none,power,,,None,None,False,all,all,all,alpha|beta|gamma|Om0|eta|C0,,40,logmass/0.70,,False,3.08365,0.34612,0.05594,0.01622,0.08029,0.02206,0.176,0.00543,,,,,,,,,,,,,,,,,,,0.53295,0.95602,,,,,2.57799,1.56635,,,,,,,,,,,,,,,,,,,,,,,,,,,,,,
sncolour/sncolour_stepbroken_c0sntau,2026-08-24T17:19:55,3000,6,1820,1814,-451.136,0.061,1684.066,0.9284,-434.3755,880.751,913.791,-29.96788,FlatLambdaCDM,stepbroken,linear,step,linear,none,power,,,None,None,False,all,all,all,alpha|beta|gamma|Om0|c0|sn_tau,,40,logmass/0.70,,False,3.05978,0.35531,0.33505,0.0159,0.03917,0.01318,0.17386,0.00531,,,,,,,1.1751,0.30871,,,0.22543,0.97293,,,,,,,,,,,,,,,,,,,,,,,,,,,,,,,,,,,,,,,,,,,,
host_col/ssfr_none_hcol_tanh_etaC0htau_mass_none,2026-08-24T17:26:26,3000,6,1820,1814,-450.301,0.06,1687.042,0.93,-435.8632,883.726,916.766,-28.68705,FlatLambdaCDM,linear,linear,none,tanh,none,power,,,None,None,False,all,all,all,alpha|beta|Om0|eta|C0|htau,,40,logmass/0.70,,False,3.07385,0.3563,0.05612,0.01623,,,0.17523,0.00541,,,,,,,,,,,,,,,,,,,0.42417,0.44124,,,,,1.38172,0.98223,,,,,,,,,0.61857,0.90792,,,,,,,,,,,,,,,,,,,,
host_col/ssfr_none_hcol_tanh_etaC0_mass_step,2026-08-24T17:32:19,3000,6,1820,1814,-452.09,0.062,1688.861,0.931,-436.7727,885.545,918.585,-28.71069,FlatLambdaCDM,linear,linear,step,tanh,none,power,,,None,None,False,all,all,all,alpha|beta|gamma|Om0|eta|C0,,40,logmass/0.70,,False,3.08222,0.35598,0.05609,0.01608,0.02829,0.018,0.17617,0.00545,,,,,,,,,,,,,,,,,,,0.17001,0.34352,,,,,1.71634,0.68243,,,,,,,,,,,,,,,,,,,,,,,,,,,,,,
host_col/ssfr_none_hcol_sigmoid_etaC0_mass_linear_xihcolmass,2026-08-24T17:44:15,3500,7,1820,1813,-448.32,0.056,1683.699,0.9287,-434.192,882.384,920.93,-29.19689,FlatLambdaCDM,linear,linear,linear,sigmoid,none,power,,,None,None,False,all,all,all,alpha|beta|gamma|Om0|eta|xi_mass_col|C0,,40,logmass/0.70,,False,3.08742,0.34633,0.05545,0.01611,0.11782,0.15846,0.17708,0.00532,,,,,,,,,,,,,,,,,,,0.84651,0.76742,,,,,4.21461,1.59132,,,,,,,,,,,0.02937,0.08463,,,,,,,,,,,,,,,,,,
host_col/ssfr_none_hcol_asymm_etaC0htau_mass_linear,2026-08-24T17:52:37,3500,7,1820,1813,-448.13,0.053,1682.082,0.9278,-433.3836,880.767,919.313,-28.65757,FlatLambdaCDM,linear,linear,linear,asymm,none,power,,,None,None,False,all,all,all,alpha|beta|gamma|Om0|eta|C0|htau,,40,logmass/0.70,,False,3.09127,0.34649,0.05611,0.01632,0.06991,0.02244,0.17703,0.00537,,,,,,,,,,,,,,,,,,,0.22099,0.2758,,,,,0.08129,2.54144,,,,,,,,,0.68909,1.05,,,,,,,,,,,,,,,,,,,,
host_col/ssfr_none_hcol_asymm_etaC0htau_mass_double_step,2026-08-24T17:58:14,3500,7,1820,1813,-448.137,0.053,1682.155,0.9278,-433.42,880.84,919.386,-28.65738,FlatLambdaCDM,linear,linear,double_step,asymm,none,power,,,None,None,False,all,all,all,alpha|beta|gamma|Om0|eta|C0|htau,,40,logmass/0.70,,False,3.08606,0.34862,0.05496,0.01598,0.0663,0.02101,0.17655,0.00534,,,,,,,,,,,,,,,,,,,0.23274,0.29039,,,,,0.27719,2.61806,,,,,,,,,0.78373,1.10559,,,,,,,,,,,,,,,,,,,,
host_col/ssfr_none_hcol_asymm_etaC0htau_mass_step,2026-08-24T17:59:04,3500,7,1820,1813,-452.328,0.055,1688.769,0.9315,-436.727,887.454,926.0,-28.65009,FlatLambdaCDM,linear,linear,step,asymm,none,power,,,None,None,False,all,all,all,alpha|beta|gamma|Om0|eta|C0|htau,,40,logmass/0.70,,False,3.08739,0.35666,0.05567,0.01603,0.02313,0.01609,0.17548,0.00538,,,,,,,,,,,,,,,,,,,0.34473,0.40644,,,,,0.07237,2.4565,,,,,,,,,0.76997,1.0808,,,,,,,,,,,,,,,,,,,,
host_col/ssfr_none_hcol_sigmoid_etaC0_mass_sigmoid_xihcolmass,2026-08-24T18:03:54,3500,7,1820,1813,-450.343,0.057,1686.899,0.9304,-435.7921,885.584,924.13,-29.27488,FlatLambdaCDM,linear,linear,sigmoid,sigmoid,none,power,,,None,None,False,all,all,all,alpha|beta|gamma|Om0|eta|xi_mass_col|C0,,40,logmass/0.70,,False,3.08394,0.35088,0.05572,0.01587,0.12987,0.15662,0.17673,0.00538,,,,,,,,,,,,,,,,,,,0.9291,0.84324,,,,,4.23534,1.32539,,,,,,,,,,,0.04034,0.08414,,,,,,,,,,,,,,,,,,
host_col/ssfr_none_hcol_linear_eta_mass_sigmoid_M0xihcolmass,2026-08-24T18:12:01,3500,7,1820,1813,-452.12,0.064,1684.041,0.9289,-434.3629,882.726,921.272,-28.78222,FlatLambdaCDM,linear,linear,sigmoid,linear,none,power,,,None,None,False,all,all,all,alpha|beta|gamma|Om0|eta|xi_mass_col|M0,,40,logmass/0.70,,False,3.07957,0.35017,0.05599,0.01575,0.20424,0.11459,0.17507,0.00541,,,,,,,,,,,,,,,,,,,0.00669,0.03506,10.85197,0.42852,,,,,,,,,,,,,,,-0.04496,0.0418,,,,,,,,,,,,,,,,,,
host_col/ssfr_none_hcol_sigmoid_etaC0_mass_step_xihcolmass,2026-08-24T18:16:48,3500,7,1820,1813,-453.593,0.059,1691.017,0.9327,-437.8509,889.702,928.248,-28.78793,FlatLambdaCDM,linear,linear,step,sigmoid,none,power,,,None,None,False,all,all,all,alpha|beta|gamma|Om0|eta|xi_mass_col|C0,,40,logmass/0.70,,False,3.08312,0.35486,0.05565,0.01605,0.12364,0.14881,0.17581,0.00549,,,,,,,,,,,,,,,,,,,0.92836,0.88796,,,,,3.93666,1.33441,,,,,,,,,,,0.05177,0.07974,,,,,,,,,,,,,,,,,,
interaction/interaction_betaalphagammaalphabetagamma,2026-08-24T18:26:05,3500,7,1820,1813,-452.022,0.066,1681.389,0.9274,-433.0368,880.074,918.62,-28.63554,FlatLambdaCDM,linear,linear,step,linear,none,power,,,None,None,False,all,all,all,alpha|beta|gamma|Om0|beta_alpha|gamma_alpha|beta_gamma,,40,logmass/0.70,,False,3.04833,0.35573,0.06403,0.01571,0.02632,0.01559,0.20834,0.01972,,,,,,,,,,,,,,,,,,,,,,,-1.11394,0.827,,,-0.65552,0.23064,0.01038,0.04704,,,,,,,,,,,,,,,,,,,,,,,,,,
host_col/ssfr_none_hcol_sigmoid_etaC0htau_mass_step,2026-08-24T18:31:38,3500,7,1820,1813,-451.847,0.057,1684.654,0.9292,-434.6693,883.339,921.885,-28.68978,FlatLambdaCDM,linear,linear,step,sigmoid,none,power,,,None,None,False,all,all,all,alpha|beta|gamma|Om0|eta|C0|htau,,40,logmass/0.70,,False,3.08476,0.3549,0.05634,0.01607,0.02726,0.01662,0.17643,0.00567,,,,,,,,,,,,,,,,,,,0.37754,0.47375,,,,,2.41035,1.91631,,,,,,,,,1.33333,1.08471,,,,,,,,,,,,,,,,,,,,
host_col/ssfr_none_hcol_broken_etaC0_mass_linear_xihcolmass,2026-08-24T18:34:47,3500,7,1820,1813,-452.668,0.064,1683.629,0.9286,-434.1569,882.314,920.86,-28.65598,FlatLambdaCDM,linear,linear,linear,broken,none,power,,,None,None,False,all,all,all,alpha|beta|gamma|Om0|eta|xi_mass_col|C0,,40,logmass/0.70,,False,3.08952,0.34609,0.05528,0.0162,0.11539,0.09502,0.1775,0.00536,,,,,,,,,,,,,,,,,,,0.03365,0.01565,,,,,2.52601,2.07815,,,,,,,,,,,0.01217,0.01353,,,,,,,,,,,,,,,,,,
host_col/ssfr_none_hcol_tanh_etaC0_mass_linear_xihcolmass,2026-08-24T18:47:42,3500,7,1820,1813,-449.381,0.056,1682.422,0.928,-433.5533,881.107,919.653,-28.72032,FlatLambdaCDM,linear,linear,linear,tanh,none,power,,,None,None,False,all,all,all,alpha|beta|gamma|Om0|eta|xi_mass_col|C0,,40,logmass/0.70,,False,3.09111,0.34187,0.05491,0.01624,0.12324,0.1553,0.17618,0.00538,,,,,,,,,,,,,,,,,,,0.73185,1.19821,,,,,2.93645,1.98917,,,,,,,,,,,0.01824,0.08017,,,,,,,,,,,,,,,,,,
host_col/ssfr_none_hcol_broken_etaC0_mass_step_xihcolmass,2026-08-24T18:52:30,3500,7,1820,1813,-457.221,0.066,1690.305,0.9323,-437.4949,888.99,927.536,-28.65288,FlatLambdaCDM,linear,linear,step,broken,none,power,,,None,None,False,all,all,all,alpha|beta|gamma|Om0|eta|xi_mass_col|C0,,40,logmass/0.70,,False,3.08478,0.35618,0.05475,0.01613,0.05113,0.08877,0.1763,0.00542,,,,,,,,,,,,,,,,,,,0.04944,0.01763,,,,,2.38588,2.17798,,,,,,,,,,,0.00728,0.01311,,,,,,,,,,,,,,,,,,
host_col/ssfr_none_hcol_tanh_etaC0htau_mass_step,2026-08-24T18:56:22,3500,7,1820,1813,-451.059,0.06,1684.646,0.9292,-434.6654,883.331,921.877,-28.69224,FlatLambdaCDM,linear,linear,step,tanh,none,power,,,None,None,False,all,all,all,alpha|beta|gamma|Om0|eta|C0|htau,,40,logmass/0.70,,False,3.07794,0.3517,0.05574,0.01615,0.02999,0.01584,0.1774,0.00554,,,,,,,,,,,,,,,,,,,0.48017,0.44749,,,,,1.50151,1.03002,,,,,,,,,0.47714,0.79173,,,,,,,,,,,,,,,,,,,,
host_col/ssfr_none_hcol_sigmoid_etaC0_mass_sigmoid_tauxihcolmass,2026-08-24T19:01:22,4000,8,1820,1812,-447.912,0.052,1683.254,0.9289,-433.9692,883.938,927.991,-28.91386,FlatLambdaCDM,linear,linear,sigmoid,sigmoid,none,power,,,None,None,False,all,all,all,alpha|beta|gamma|Om0|eta|xi_mass_col|tau|C0,,40,logmass/0.70,,False,3.0879,0.34671,0.05599,0.01608,0.13592,0.16549,0.17691,0.0054,,,,,,,,,,,,,,,,,,,0.73684,0.72423,,,,,3.90342,1.76041,,,,,1.9652,1.05108,,,,,-0.06731,0.15416,,,,,,,,,,,,,,,,,,
host_col/ssfr_none_hcol_broken_etaC0_mass_sigmoid_xihcolmass,2026-08-24T19:02:34,3500,7,1820,1813,-454.872,0.065,1686.8,0.9304,-435.7422,885.484,924.031,-28.6535,FlatLambdaCDM,linear,linear,sigmoid,broken,none,power,,,None,None,False,all,all,all,alpha|beta|gamma|Om0|eta|xi_mass_col|C0,,40,logmass/0.70,,False,3.08572,0.35062,0.05574,0.0161,0.09288,0.09823,0.17734,0.00549,,,,,,,,,,,,,,,,,,,0.03877,0.01627,,,,,2.40151,2.12056,,,,,,,,,,,0.01065,0.01448,,,,,,,,,,,,,,,,,,
host_col/ssfr_none_hcol_quadratic_etaC0_mass_linear_xihcolmass,2026-08-24T19:04:35,3500,7,1820,1813,-451.572,0.067,1680.412,0.9269,-432.5483,879.097,917.643,-28.66296,FlatLambdaCDM,linear,linear,linear,quadratic,none,power,,,None,None,False,all,all,all,alpha|beta|gamma|Om0|eta|xi_mass_col|C0,,40,logmass/0.70,,False,3.08341,0.34422,0.05547,0.01596,0.08587,0.0229,0.17761,0.00548,,,,,,,,,,,,,,,,,,,0.03026,0.01357,,,,,1.83604,1.25481,,,,,,,,,,,0.00266,0.01116,,,,,,,,,,,,,,,,,,
host_col/ssfr_none_hcol_tanh_etaC0_mass_sigmoid_xihcolmass,2026-08-24T19:12:47,3500,7,1820,1813,-451.851,0.058,1685.337,0.9296,-435.0106,884.021,922.567,-28.72336,FlatLambdaCDM,linear,linear,sigmoid,tanh,none,power,,,None,None,False,all,all,all,alpha|beta|gamma|Om0|eta|xi_mass_col|C0,,40,logmass/0.70,,False,3.0859,0.34729,0.05562,0.01608,0.14089,0.1418,0.17625,0.00549,,,,,,,,,,,,,,,,,,,0.63417,0.99892,,,,,2.88643,1.39942,,,,,,,,,,,0.0375,0.0732,,,,,,,,,,,,,,,,,,
host_col/ssfr_none_hcol_quadratic_etaC0_mass_step_xihcolmass,2026-08-24T19:14:06,3500,7,1820,1813,-456.907,0.068,1689.758,0.932,-437.2216,888.443,926.989,-28.66037,FlatLambdaCDM,linear,linear,step,quadratic,none,power,,,None,None,False,all,all,all,alpha|beta|gamma|Om0|eta|xi_mass_col|C0,,40,logmass/0.70,,False,3.08332,0.35247,0.05572,0.01597,0.03742,0.01579,0.17708,0.00544,,,,,,,,,,,,,,,,,,,0.03883,0.01799,,,,,1.52877,1.22809,,,,,,,,,,,0.01228,0.01117,,,,,,,,,,,,,,,,,,
host_col/ssfr_none_hcol_quadratic_etaC0_mass_sigmoid_xihcolmass,2026-08-24T19:16:59,3500,7,1820,1813,-453.178,0.067,1683.512,0.9286,-434.0985,882.197,920.743,-28.65379,FlatLambdaCDM,linear,linear,sigmoid,quadratic,none,power,,,None,None,False,all,all,all,alpha|beta|gamma|Om0|eta|xi_mass_col|C0,,40,logmass/0.70,,False,3.08054,0.34814,0.05526,0.01564,0.06784,0.01932,0.1781,0.0054,,,,,,,,,,,,,,,,,,,0.02941,0.01443,,,,,2.14358,1.41711,,,,,,,,,,,0.00931,0.01018,,,,,,,,,,,,,,,,,,
host_col/ssfr_none_hcol_tanh_etaC0_mass_step_xihcolmass,2026-08-24T19:28:08,3500,7,1820,1813,-455.355,0.063,1688.902,0.9316,-436.7935,887.587,926.133,-28.71018,FlatLambdaCDM,linear,linear,step,tanh,none,power,,,None,None,False,all,all,all,alpha|beta|gamma|Om0|eta|xi_mass_col|C0,,40,logmass/0.70,,False,3.0835,0.35453,0.05556,0.01592,0.1078,0.11821,0.17609,0.00556,,,,,,,,,,,,,,,,,,,0.2961,0.51014,,,,,2.19358,0.909,,,,,,,,,,,0.03913,0.05984,,,,,,,,,,,,,,,,,,
host_col/ssfr_none_hcol_sigmoid_etaC0_mass_sigmoid_M0xihcolmass,2026-08-24T19:40:36,4000,8,1820,1812,-449.411,0.054,1681.28,0.9279,-432.9825,881.965,926.018,-28.71009,FlatLambdaCDM,linear,linear,sigmoid,sigmoid,none,power,,,None,None,False,all,all,all,alpha|beta|gamma|Om0|eta|xi_mass_col|M0|C0,,40,logmass/0.70,,False,3.07859,0.34999,0.05571,0.0161,0.05229,0.15435,0.17548,0.00541,,,,,,,,,,,,,,,,,,,0.5384,0.73845,10.5737,0.54827,,,3.28512,1.67753,,,,,,,,,,,-0.05322,0.12216,,,,,,,,,,,,,,,,,,
host_col/ssfr_none_hcol_broken_etaC0_mass_sigmoid_tauxihcolmass,2026-08-24T19:41:52,4000,8,1820,1812,-451.659,0.058,1683.33,0.929,-434.0073,884.015,928.067,-28.66191,FlatLambdaCDM,linear,linear,sigmoid,broken,none,power,,,None,None,False,all,all,all,alpha|beta|gamma|Om0|eta|xi_mass_col|tau|C0,,40,logmass/0.70,,False,3.0896,0.3483,0.05533,0.01604,0.18689,0.14182,0.17717,0.0054,,,,,,,,,,,,,,,,,,,0.03214,0.01513,,,,,1.68564,2.07245,,,,,2.06462,1.01999,,,,,0.01397,0.04689,,,,,,,,,,,,,,,,,,
host_col/ssfr_none_hcol_asymm_etaC0htau_mass_linear_xihcolmass,2026-08-24T19:42:10,4000,8,1820,1812,-450.138,0.054,1682.198,0.9284,-433.4413,882.883,926.935,-28.65946,FlatLambdaCDM,linear,linear,linear,asymm,none,power,,,None,None,False,all,all,all,alpha|beta|gamma|Om0|eta|xi_mass_col|C0|htau,,40,logmass/0.70,,False,3.08904,0.34518,0.05578,0.01591,0.02209,0.08808,0.17747,0.00538,,,,,,,,,,,,,,,,,,,0.4433,0.35095,,,,,-1.19057,1.64495,,,,,,,,,0.31905,0.80792,0.16404,0.22394,,,,,,,,,,,,,,,,,,
host_col/ssfr_none_hcol_asymm_etaC0htau_mass_sigmoid_xihcolmass,2026-08-24T20:04:58,4000,8,1820,1812,-452.332,0.055,1685.426,0.9301,-435.0556,886.111,930.164,-28.66439,FlatLambdaCDM,linear,linear,sigmoid,asymm,none,power,,,None,None,False,all,all,all,alpha|beta|gamma|Om0|eta|xi_mass_col|C0|htau,,40,logmass/0.70,,False,3.08856,0.35065,0.05571,0.01616,0.01666,0.0951,0.17699,0.00542,,,,,,,,,,,,,,,,,,,0.53481,0.3815,,,,,-1.06511,1.7742,,,,,,,,,0.27134,0.72815,0.14118,0.24314,,,,,,,,,,,,,,,,,,
host_col/ssfr_none_hcol_asymm_etaC0htau_mass_step_xihcolmass,2026-08-24T20:06:57,4000,8,1820,1812,-454.998,0.057,1689.097,0.9322,-436.8908,889.782,933.834,-28.63801,FlatLambdaCDM,linear,linear,step,asymm,none,power,,,None,None,False,all,all,all,alpha|beta|gamma|Om0|eta|xi_mass_col|C0|htau,,40,logmass/0.70,,False,3.08842,0.35552,0.05525,0.01605,3e-05,0.08631,0.17615,0.00553,,,,,,,,,,,,,,,,,,,0.65842,0.47569,,,,,-0.82345,2.05363,,,,,,,,,0.31587,0.76714,0.10377,0.19982,,,,,,,,,,,,,,,,,,
host_col/ssfr_none_hcol_tanh_etaC0_mass_sigmoid_tauxihcolmass,2026-08-24T20:12:18,4000,8,1820,1812,-448.78,0.051,1681.94,0.9282,-433.3124,882.625,926.678,-28.72648,FlatLambdaCDM,linear,linear,sigmoid,tanh,none,power,,,None,None,False,all,all,all,alpha|beta|gamma|Om0|eta|xi_mass_col|tau|C0,,40,logmass/0.70,,False,3.08946,0.34244,0.05569,0.01662,0.13911,0.16673,0.17616,0.0054,,,,,,,,,,,,,,,,,,,0.62124,1.1405,,,,,2.81689,1.96568,,,,,1.92284,1.02886,,,,,-0.0784,0.1589,,,,,,,,,,,,,,,,,,
host_col/ssfr_none_hcol_broken_etaC0_mass_sigmoid_M0xihcolmass,2026-08-24T20:15:22,4000,8,1820,1812,-452.538,0.061,1680.361,0.9274,-432.5226,881.045,925.098,-28.78563,FlatLambdaCDM,linear,linear,sigmoid,broken,none,power,,,None,None,False,all,all,all,alpha|beta|gamma|Om0|eta|xi_mass_col|M0|C0,,40,logmass/0.70,,False,3.07664,0.35055,0.05559,0.01608,0.07895,0.1436,0.17509,0.00538,,,,,,,,,,,,,,,,,,,0.00674,0.03549,10.85655,0.41314,,,2.00402,1.78038,,,,,,,,,,,-0.03689,0.03931,,,,,,,,,,,,,,,,,,
host_col/ssfr_none_hcol_asymm_etaC0htau_mass_sigmoid_tauxihcolmass,2026-08-24T20:31:11,4500,9,1820,1811,-449.116,0.049,1681.79,0.9287,-433.2374,884.475,934.034,-28.65995,FlatLambdaCDM,linear,linear,sigmoid,asymm,none,power,,,None,None,False,all,all,all,alpha|beta|gamma|Om0|eta|xi_mass_col|tau|C0|htau,,40,logmass/0.70,,False,3.08946,0.34582,0.05504,0.01622,0.12184,0.1532,0.17711,0.0053,,,,,,,,,,,,,,,,,,,0.42444,0.3246,,,,,-1.29841,1.23471,,,,,2.05718,1.02058,,,0.17557,0.5069,0.47695,0.63229,,,,,,,,,,,,,,,,,,
host_col/ssfr_none_hcol_quadratic_etaC0_mass_sigmoid_M0xihcolmass,2026-08-24T20:34:37,4000,8,1820,1812,-452.126,0.063,1680.307,0.9273,-432.4958,880.992,925.044,-28.64072,FlatLambdaCDM,linear,linear,sigmoid,quadratic,none,power,,,None,None,False,all,all,all,alpha|beta|gamma|Om0|eta|xi_mass_col|M0|C0,,40,logmass/0.70,,False,3.07782,0.34924,0.05588,0.01607,0.12818,0.06893,0.17593,0.00573,,,,,,,,,,,,,,,,,,,0.00757,0.03694,10.40125,0.71035,,,1.1566,1.05869,,,,,,,,,,,-0.03116,0.05406,,,,,,,,,,,,,,,,,,
host_col/ssfr_none_hcol_tanh_etaC0_mass_sigmoid_M0xihcolmass,2026-08-24T20:44:08,4000,8,1820,1812,-450.428,0.058,1678.648,0.9264,-431.6666,879.333,923.386,-28.74803,FlatLambdaCDM,linear,linear,sigmoid,tanh,none,power,,,None,None,False,all,all,all,alpha|beta|gamma|Om0|eta|xi_mass_col|M0|C0,,40,logmass/0.70,,False,3.0755,0.34933,0.0557,0.01654,0.06461,0.12734,0.17516,0.00546,,,,,,,,,,,,,,,,,,,0.1673,0.58501,10.73568,0.51137,,,1.90259,1.17068,,,,,,,,,,,-0.07669,0.10126,,,,,,,,,,,,,,,,,,
host_col/ssfr_none_hcol_asymm_etaC0htau_mass_sigmoid_M0xihcolmass,2026-08-24T21:16:56,4500,9,1820,1811,-450.226,0.052,1678.46,0.9268,-431.5726,881.145,930.704,-28.75951,FlatLambdaCDM,linear,linear,sigmoid,asymm,none,power,,,None,None,False,all,all,all,alpha|beta|gamma|Om0|eta|xi_mass_col|M0|C0|htau,,40,logmass/0.70,,False,3.07995,0.34957,0.05492,0.01582,0.16497,0.14937,0.17521,0.00545,,,,,,,,,,,,,,,,,,,0.29676,0.35938,10.76382,0.45337,,,-0.84995,1.69064,,,,,,,,,0.2922,0.73611,-0.26998,0.40506,,,,,,,,,,,,,,,,,,
ssfr/ssfr_step_zeta_hcol_linear_mass_none,2026-08-24T22:48:01,2000,4,1820,1816,-446.758,0.068,1685.621,0.9282,-435.1529,878.306,900.332,-28.67553,FlatLambdaCDM,linear,linear,none,linear,step,power,,,None,None,False,all,all,all,alpha|beta|Om0|zeta,,40,logmass/0.70,,False,3.04716,0.36289,0.05686,0.01577,,,0.17273,0.00509,,,,,,,,,,,,,,,,,,,,,,,,,,,,,,,,,,,,,,,,,,,,,-0.03988,0.00914,,,,,,,,,,
ssfr/ssfr_step_zeta_hcol_none_mass_none,2026-08-24T22:49:34,2000,4,1820,1816,-449.733,0.067,1691.916,0.9317,-438.3001,884.6,906.627,-28.72358,FlatLambdaCDM,linear,linear,none,none,step,power,,,None,None,False,all,all,all,alpha|beta|Om0|zeta,,40,logmass/0.70,,False,3.03192,0.36108,0.05605,0.0158,,,0.16949,0.00515,,,,,,,,,,,,,,,,,,,,,,,,,,,,,,,,,,,,,,,,,,,,,-0.05859,0.00915,,,,,,,,,,
ssfr/ssfr_step_zeta_hcol_linear_mass_linear,2026-08-24T23:40:42,2500,5,1820,1815,-444.146,0.066,1676.6,0.9237,-430.6422,871.284,898.817,-28.66619,FlatLambdaCDM,linear,linear,linear,linear,step,power,,,None,None,False,all,all,all,alpha|beta|gamma|Om0|zeta,,40,logmass/0.70,,False,3.06082,0.35504,0.05628,0.0158,0.05392,0.01684,0.17779,0.00528,,,,,,,,,,,,,,,,,,,,,,,,,,,,,,,,,,,,,,,,,,,,,-0.02995,0.00967,,,,,,,,,,
ssfr/ssfr_linear_zeta_hcol_linear_mass_linear,2026-08-24T23:45:31,2500,5,1820,1815,-448.924,0.069,1684.07,0.9279,-434.3774,878.755,906.288,-28.59408,FlatLambdaCDM,linear,linear,linear,linear,linear,power,,,None,None,False,all,all,all,alpha|beta|gamma|Om0|zeta,,40,logmass/0.70,,False,3.08198,0.35001,0.05546,0.01566,0.062,0.0167,0.177,0.00534,,,,,,,,,,,,,,,,,,,,,,,,,,,,,,,,,,,,,,,,,,,,,-0.00443,0.00262,,,,,,,,,,
ssfr/ssfr_step_zeta_hcol_linear_mass_step,2026-08-24T23:49:15,2500,5,1820,1815,-448.12,0.068,1683.0,0.9273,-433.8426,877.685,905.218,-28.66962,FlatLambdaCDM,linear,linear,step,linear,step,power,,,None,None,False,all,all,all,alpha|beta|gamma|Om0|zeta,,40,logmass/0.70,,False,3.0546,0.36032,0.05651,0.0158,0.02356,0.01348,0.17565,0.00536,,,,,,,,,,,,,,,,,,,,,,,,,,,,,,,,,,,,,,,,,,,,,-0.0347,0.00979,,,,,,,,,,
ssfr/ssfr_step_zeta_hcol_none_mass_step,2026-08-24T23:50:06,2500,5,1820,1815,-447.817,0.067,1683.359,0.9275,-434.0219,878.044,905.577,-28.71033,FlatLambdaCDM,linear,linear,step,none,step,power,,,None,None,False,all,all,all,alpha|beta|gamma|Om0|zeta,,40,logmass/0.70,,False,3.04513,0.35565,0.05641,0.01577,0.04082,0.01341,0.17444,0.00533,,,,,,,,,,,,,,,,,,,,,,,,,,,,,,,,,,,,,,,,,,,,,-0.04948,0.00961,,,,,,,,,,
ssfr/ssfr_sigmoid_zeta_hcol_linear_mass_step,2026-08-24T23:55:02,2500,5,1820,1815,-447.344,0.067,1682.14,0.9268,-433.4124,876.825,904.358,-28.66741,FlatLambdaCDM,linear,linear,step,linear,sigmoid,power,,,None,None,False,all,all,all,alpha|beta|gamma|Om0|zeta,,40,logmass/0.70,,False,3.05511,0.36029,0.05551,0.01569,0.01676,0.01393,0.17539,0.00533,,,,,,,,,,,,,,,,,,,,,,,,,,,,,,,,,,,,,,,,,,,,,-0.04457,0.01191,,,,,,,,,,
ssfr/ssfr_linear_zeta_hcol_linear_mass_step,2026-08-24T23:55:29,2500,5,1820,1815,-453.377,0.071,1691.65,0.932,-438.1672,886.334,913.867,-28.57914,FlatLambdaCDM,linear,linear,step,linear,linear,power,,,None,None,False,all,all,all,alpha|beta|gamma|Om0|zeta,,40,logmass/0.70,,False,3.07615,0.35583,0.05603,0.01575,0.03044,0.0132,0.17471,0.00534,,,,,,,,,,,,,,,,,,,,,,,,,,,,,,,,,,,,,,,,,,,,,-0.00584,0.0026,,,,,,,,,,
ssfr/ssfr_step_zeta_hcol_linear_mass_sigmoid,2026-08-25T00:00:55,2500,5,1820,1815,-446.012,0.067,1679.526,0.9254,-432.1056,874.211,901.744,-28.6659,FlatLambdaCDM,linear,linear,sigmoid,linear,step,power,,,None,None,False,all,all,all,alpha|beta|gamma|Om0|zeta,,40,logmass/0.70,,False,3.05674,0.35782,0.05631,0.01569,0.04247,0.01595,0.17712,0.0054,,,,,,,,,,,,,,,,,,,,,,,,,,,,,,,,,,,,,,,,,,,,,-0.03162,0.00974,,,,,,,,,,
ssfr/ssfr_step_zetaF0_hcol_linear_mass_none,2026-08-25T00:02:47,2500,5,1820,1815,-445.721,0.067,1676.803,0.9239,-430.7437,871.487,899.02,-28.67534,FlatLambdaCDM,linear,linear,none,linear,step,power,,,None,None,False,all,all,all,alpha|beta|Om0|zeta|F0,,40,logmass/0.70,,False,3.05215,0.36048,0.05608,0.0157,,,0.17345,0.00513,,,,,,,,,,,,,,,,,,,,,,,,,,,,,,,,,,,,,,,,,,,,,-0.04423,0.00912,-10.03932,0.2384,,,,,,,,
ssfr/ssfr_tanh_zeta_hcol_linear_mass_step,2026-08-25T00:08:40,2500,5,1820,1815,-446.555,0.065,1681.429,0.9264,-433.057,876.114,903.647,-28.67165,FlatLambdaCDM,linear,linear,step,linear,tanh,power,,,None,None,False,all,all,all,alpha|beta|gamma|Om0|zeta,,40,logmass/0.70,,False,3.05208,0.3611,0.05589,0.01577,0.01976,0.01367,0.17561,0.0053,,,,,,,,,,,,,,,,,,,,,,,,,,,,,,,,,,,,,,,,,,,,,-0.07991,0.02094,,,,,,,,,,
ssfr/ssfr_step_zetaF0_hcol_none_mass_none,2026-08-25T00:13:51,2500,5,1820,1815,-446.059,0.069,1676.651,0.9238,-430.6677,871.335,898.868,-28.71376,FlatLambdaCDM,linear,linear,none,none,step,power,,,None,None,False,all,all,all,alpha|beta|Om0|zeta|F0,,40,logmass/0.70,,False,3.03935,0.35614,0.05708,0.0157,,,0.17045,0.00507,,,,,,,,,,,,,,,,,,,,,,,,,,,,,,,,,,,,,,,,,,,,,-0.06437,0.00894,-10.00026,0.08307,,,,,,,,
ssfr/ssfr_sigmoid_zetaF0ftau_hcol_linear_mass_none,2026-08-25T00:54:03,3000,6,1820,1814,-446.445,0.061,1678.267,0.9252,-431.4758,874.952,907.991,-28.67243,FlatLambdaCDM,linear,linear,none,linear,sigmoid,power,,,None,None,False,all,all,all,alpha|beta|Om0|zeta|F0|ftau,,40,logmass/0.70,,False,3.05256,0.36084,0.05626,0.01577,,,0.17353,0.00513,,,,,,,,,,,,,,,,,,,,,,,,,,,,,,,,,,,,,,,,,,,,,-0.04774,0.01101,-10.18594,0.44972,0.26943,0.3843,,,,,,
ssfr/ssfr_sigmoid_zetaftau_hcol_linear_mass_step,2026-08-25T01:01:12,3000,6,1820,1814,-447.908,0.062,1681.414,0.9269,-433.0496,878.099,911.139,-28.6676,FlatLambdaCDM,linear,linear,step,linear,sigmoid,power,,,None,None,False,all,all,all,alpha|beta|gamma|Om0|zeta|ftau,,40,logmass/0.70,,False,3.05603,0.35977,0.05687,0.0159,0.01988,0.01395,0.17551,0.00537,,,,,,,,,,,,,,,,,,,,,,,,,,,,,,,,,,,,,,,,,,,,,-0.04138,0.01306,,,0.41169,0.46178,,,,,,
ssfr/ssfr_tanh_zetaF0ftau_hcol_linear_mass_none,2026-08-25T01:02:53,3000,6,1820,1814,-444.871,0.058,1677.881,0.925,-431.2831,874.566,907.606,-28.67044,FlatLambdaCDM,linear,linear,none,linear,tanh,power,,,None,None,False,all,all,all,alpha|beta|Om0|zeta|F0|ftau,,40,logmass/0.70,,False,3.05351,0.36017,0.05641,0.01595,,,0.17346,0.00511,,,,,,,,,,,,,,,,,,,,,,,,,,,,,,,,,,,,,,,,,,,,,-0.3878,0.23705,-10.07045,0.28801,0.1912,0.21569,,,,,,
ssfr/ssfr_sigmoid_zetaF0_hcol_linear_mass_step,2026-08-25T01:04:01,3000,6,1820,1814,-448.835,0.063,1682.056,0.9273,-433.3705,878.741,911.781,-28.66725,FlatLambdaCDM,linear,linear,step,linear,sigmoid,power,,,None,None,False,all,all,all,alpha|beta|gamma|Om0|zeta|F0,,40,logmass/0.70,,False,3.05913,0.35927,0.05622,0.01588,0.01864,0.0149,0.17543,0.00538,,,,,,,,,,,,,,,,,,,,,,,,,,,,,,,,,,,,,,,,,,,,,-0.04218,0.01289,-10.69162,0.71893,,,,,,,,
ssfr/ssfr_step_zeta_hcol_linear_mass_linear_xisSFRmass,2026-08-25T01:10:04,3000,6,1820,1814,-448.779,0.071,1676.599,0.9243,-430.6421,873.284,906.324,-28.66554,FlatLambdaCDM,linear,linear,linear,linear,step,power,,,None,None,False,all,all,all,alpha|beta|gamma|Om0|zeta|xi_sSFR_mass,,40,logmass/0.70,,False,3.06067,0.35454,0.0565,0.01608,0.05562,0.02131,0.17795,0.00533,,,,,,,,,,,,,,,,,,,,,,,,,,,,,,,,,,,,,,,,,,,,,-0.02938,0.0107,,,,,-0.00156,0.01241,,,,
ssfr/ssfr_tanh_zetaF0ftau_hcol_none_mass_none,2026-08-25T01:11:33,3000,6,1820,1814,-445.145,0.06,1678.062,0.9251,-431.3733,874.747,907.786,-28.71835,FlatLambdaCDM,linear,linear,none,none,tanh,power,,,None,None,False,all,all,all,alpha|beta|Om0|zeta|F0|ftau,,40,logmass/0.70,,False,3.04125,0.3562,0.05622,0.01579,,,0.1707,0.00507,,,,,,,,,,,,,,,,,,,,,,,,,,,,,,,,,,,,,,,,,,,,,-0.51562,0.32454,-10.01479,0.11668,0.20667,0.17823,,,,,,
ssfr/ssfr_tanh_zetaftau_hcol_linear_mass_step,2026-08-25T01:16:23,3000,6,1820,1814,-446.766,0.059,1681.423,0.9269,-433.054,878.108,911.148,-28.67143,FlatLambdaCDM,linear,linear,step,linear,tanh,power,,,None,None,False,all,all,all,alpha|beta|gamma|Om0|zeta|ftau,,40,logmass/0.70,,False,3.05446,0.36056,0.05625,0.01578,0.02241,0.01373,0.17553,0.00528,,,,,,,,,,,,,,,,,,,,,,,,,,,,,,,,,,,,,,,,,,,,,-0.25024,0.19754,,,0.30387,0.34521,,,,,,
ssfr/ssfr_step_zeta_hcol_linear_eta_mass_step,2026-08-25T01:20:23,3000,6,1820,1814,-451.316,0.07,1682.456,0.9275,-433.5703,879.141,912.18,-28.68728,FlatLambdaCDM,linear,linear,step,linear,step,power,,,None,None,False,all,all,all,alpha|beta|gamma|Om0|eta|zeta,,40,logmass/0.70,,False,3.04883,0.35781,0.0563,0.01603,0.03354,0.01678,0.17507,0.00534,,,,,,,,,,,,,,,,,,,0.01516,0.02017,,,,,,,,,,,,,,,,,,,,,,,,,-0.04317,0.01291,,,,,,,,,,
ssfr/ssfr_linear_zeta_hcol_linear_mass_linear_xisSFRmass,2026-08-25T01:21:16,3000,6,1820,1814,-454.791,0.076,1684.068,0.9284,-434.3765,880.753,913.793,-28.59562,FlatLambdaCDM,linear,linear,linear,linear,linear,power,,,None,None,False,all,all,all,alpha|beta|gamma|Om0|zeta|xi_sSFR_mass,,40,logmass/0.70,,False,3.08099,0.35018,0.05502,0.01558,0.05043,0.06233,0.1771,0.00524,,,,,,,,,,,,,,,,,,,,,,,,,,,,,,,,,,,,,,,,,,,,,-0.00423,0.00283,,,,,-0.00058,0.00304,,,,
ssfr/ssfr_step_zeta_hcol_linear_mass_step_xisSFRmass,2026-08-25T01:24:26,3000,6,1820,1814,-452.202,0.072,1682.402,0.9275,-433.5434,879.087,912.126,-28.66561,FlatLambdaCDM,linear,linear,step,linear,step,power,,,None,None,False,all,all,all,alpha|beta|gamma|Om0|zeta|xi_sSFR_mass,,40,logmass/0.70,,False,3.05413,0.35776,0.05628,0.01589,0.03997,0.02095,0.17637,0.00534,,,,,,,,,,,,,,,,,,,,,,,,,,,,,,,,,,,,,,,,,,,,,-0.02809,0.01165,,,,,-0.01174,0.01153,,,,
ssfr/ssfr_step_zetaF0_hcol_linear_mass_step,2026-08-25T01:27:58,3000,6,1820,1814,-448.098,0.067,1676.293,0.9241,-430.4888,872.978,906.017,-28.67077,FlatLambdaCDM,linear,linear,step,linear,step,power,,,None,None,False,all,all,all,alpha|beta|gamma|Om0|zeta|F0,,40,logmass/0.70,,False,3.05577,0.35883,0.05599,0.01589,0.01566,0.01479,0.17517,0.00531,,,,,,,,,,,,,,,,,,,,,,,,,,,,,,,,,,,,,,,,,,,,,-0.03961,0.01046,-10.1595,0.47782,,,,,,,,
ssfr/ssfr_sigmoid_zeta_hcol_linear_eta_mass_step,2026-08-25T01:28:23,3000,6,1820,1814,-449.831,0.069,1680.459,0.9264,-432.5718,877.144,910.183,-28.70252,FlatLambdaCDM,linear,linear,step,linear,sigmoid,power,,,None,None,False,all,all,all,alpha|beta|gamma|Om0|eta|zeta,,40,logmass/0.70,,False,3.04688,0.35594,0.05587,0.01583,0.0302,0.01651,0.17425,0.0053,,,,,,,,,,,,,,,,,,,0.00187,0.02196,,,,,,,,,,,,,,,,,,,,,,,,,-0.06334,0.01735,,,,,,,,,,
ssfr/ssfr_step_zetaF0_hcol_none_mass_step,2026-08-25T01:29:47,3000,6,1820,1814,-446.757,0.068,1673.576,0.9226,-429.1303,870.261,903.3,-28.71316,FlatLambdaCDM,linear,linear,step,none,step,power,,,None,None,False,all,all,all,alpha|beta|gamma|Om0|zeta|F0,,40,logmass/0.70,,False,3.04511,0.35428,0.05601,0.01557,0.02914,0.01438,0.17363,0.0053,,,,,,,,,,,,,,,,,,,,,,,,,,,,,,,,,,,,,,,,,,,,,-0.05599,0.0098,-10.05662,0.18316,,,,,,,,
ssfr/ssfr_step_zeta_hcol_linear_mass_sigmoid_xisSFRmass,2026-08-25T01:33:19,3000,6,1820,1814,-450.353,0.071,1679.432,0.9258,-432.0584,876.117,909.156,-28.66468,FlatLambdaCDM,linear,linear,sigmoid,linear,step,power,,,None,None,False,all,all,all,alpha|beta|gamma|Om0|zeta|xi_sSFR_mass,,40,logmass/0.70,,False,3.0569,0.35664,0.05625,0.01603,0.05086,0.0234,0.17747,0.00537,,,,,,,,,,,,,,,,,,,,,,,,,,,,,,,,,,,,,,,,,,,,,-0.02847,0.01167,,,,,-0.00653,0.01323,,,,
ssfr/ssfr_tanh_zetaF0_hcol_linear_mass_step,2026-08-25T01:34:43,3000,6,1820,1814,-447.632,0.063,1679.605,0.9259,-432.145,876.29,909.33,-28.66632,FlatLambdaCDM,linear,linear,step,linear,tanh,power,,,None,None,False,all,all,all,alpha|beta|gamma|Om0|zeta|F0,,40,logmass/0.70,,False,3.05623,0.35955,0.05669,0.01592,0.01596,0.01521,0.17524,0.00536,,,,,,,,,,,,,,,,,,,,,,,,,,,,,,,,,,,,,,,,,,,,,-0.08375,0.02373,-10.35362,0.56532,,,,,,,,
ssfr/ssfr_tanh_zeta_hcol_linear_mass_step_xisSFRmass,2026-08-25T01:51:10,3000,6,1820,1814,-449.877,0.068,1680.876,0.9266,-432.7803,877.561,910.6,-28.66909,FlatLambdaCDM,linear,linear,step,linear,tanh,power,,,None,None,False,all,all,all,alpha|beta|gamma|Om0|zeta|xi_sSFR_mass,,40,logmass/0.70,,False,3.0522,0.35818,0.05724,0.01592,0.03609,0.02113,0.17621,0.00547,,,,,,,,,,,,,,,,,,,,,,,,,,,,,,,,,,,,,,,,,,,,,-0.06681,0.02447,,,,,-0.02417,0.02449,,,,
ssfr/ssfr_tanh_zeta_hcol_linear_eta_mass_step,2026-08-25T01:54:54,3000,6,1820,1814,-449.463,0.068,1680.058,0.9262,-432.3715,876.743,909.783,-28.70402,FlatLambdaCDM,linear,linear,step,linear,tanh,power,,,None,None,False,all,all,all,alpha|beta|gamma|Om0|eta|zeta,,40,logmass/0.70,,False,3.0439,0.35743,0.05672,0.01591,0.03323,0.01668,0.1745,0.00538,,,,,,,,,,,,,,,,,,,0.00564,0.02105,,,,,,,,,,,,,,,,,,,,,,,,,-0.10772,0.02904,,,,,,,,,,
ssfr/ssfr_step_zeta_hcol_sigmoid_etaC0_mass_step,2026-08-25T02:23:55,3500,7,1820,1813,-449.386,0.06,1681.87,0.9277,-433.2776,880.555,919.101,-28.74348,FlatLambdaCDM,linear,linear,step,sigmoid,step,power,,,None,None,False,all,all,all,alpha|beta|gamma|Om0|eta|C0|zeta,,40,logmass/0.70,,False,3.04799,0.35671,0.05578,0.01595,0.03696,0.01537,0.1748,0.00525,,,,,,,,,,,,,,,,,,,0.20765,0.4512,,,,,2.873,2.90482,,,,,,,,,,,,,,,,,,,-0.04446,0.01236,,,,,,,,,,
ssfr/ssfr_sigmoid_zetaF0ftau_hcol_linear_mass_step,2026-08-25T02:28:28,3500,7,1820,1813,-448.516,0.06,1677.78,0.9254,-431.2322,876.464,915.01,-28.66039,FlatLambdaCDM,linear,linear,step,linear,sigmoid,power,,,None,None,False,all,all,all,alpha|beta|gamma|Om0|zeta|F0|ftau,,40,logmass/0.70,,False,3.05741,0.35908,0.05606,0.01585,0.01661,0.01514,0.17521,0.00534,,,,,,,,,,,,,,,,,,,,,,,,,,,,,,,,,,,,,,,,,,,,,-0.04226,0.01275,-10.42235,0.71261,0.36415,0.54749,,,,,,
ssfr/ssfr_step_zetaF0_hcol_linear_mass_sigmoid_M0,2026-08-25T02:32:21,3500,7,1820,1813,-445.511,0.059,1672.144,0.9223,-428.4142,870.828,909.375,-28.65425,FlatLambdaCDM,linear,linear,sigmoid,linear,step,power,,,None,None,False,all,all,all,alpha|beta|gamma|Om0|M0|zeta|F0,,40,logmass/0.70,,False,3.05811,0.35575,0.05716,0.01588,0.05355,0.02651,0.17619,0.00524,,,,,,,,,,,,,,,,,,,,,10.27826,0.66,,,,,,,,,,,,,,,,,,,,,,,-0.03365,0.01124,-10.36775,0.72691,,,,,,,,
ssfr/ssfr_tanh_zetaF0ftau_hcol_linear_mass_step,2026-08-25T02:40:30,3500,7,1820,1813,-446.906,0.058,1677.339,0.9252,-431.0119,876.024,914.57,-28.66508,FlatLambdaCDM,linear,linear,step,linear,tanh,power,,,None,None,False,all,all,all,alpha|beta|gamma|Om0|zeta|F0|ftau,,40,logmass/0.70,,False,3.05758,0.35911,0.05607,0.0159,0.0163,0.01489,0.17519,0.00531,,,,,,,,,,,,,,,,,,,,,,,,,,,,,,,,,,,,,,,,,,,,,-0.35037,0.22965,-10.22449,0.5416,0.20567,0.28038,,,,,,
ssfr/ssfr_step_zetaF0_hcol_linear_mass_step_M0,2026-08-25T02:42:57,3500,7,1820,1813,-446.207,0.061,1671.144,0.9218,-427.9146,869.829,908.375,-28.64709,FlatLambdaCDM,linear,linear,step,linear,step,power,,,None,None,False,all,all,all,alpha|beta|gamma|Om0|M0|zeta|F0,,40,logmass/0.70,,False,3.06021,0.35724,0.05639,0.01572,0.03659,0.018,0.17565,0.00519,,,,,,,,,,,,,,,,,,,,,9.94196,0.63632,,,,,,,,,,,,,,,,,,,,,,,-0.0372,0.01027,-10.21762,0.53528,,,,,,,,
ssfr/ssfr_tanh_zetaF0ftau_hcol_none_mass_step,2026-08-25T02:47:46,3500,7,1820,1813,-445.945,0.059,1674.894,0.9238,-429.7896,873.579,912.125,-28.70949,FlatLambdaCDM,linear,linear,step,none,tanh,power,,,None,None,False,all,all,all,alpha|beta|gamma|Om0|zeta|F0|ftau,,40,logmass/0.70,,False,3.0484,0.35415,0.05619,0.01572,0.02897,0.01472,0.17372,0.00536,,,,,,,,,,,,,,,,,,,,,,,,,,,,,,,,,,,,,,,,,,,,,-0.47875,0.29939,-10.10409,0.24508,0.2058,0.23341,,,,,,
ssfr/ssfr_step_zeta_hcol_tanh_etaC0_mass_step,2026-08-25T02:52:39,3500,7,1820,1813,-448.912,0.059,1681.294,0.9274,-432.9893,879.979,918.525,-28.71531,FlatLambdaCDM,linear,linear,step,tanh,step,power,,,None,None,False,all,all,all,alpha|beta|gamma|Om0|eta|C0|zeta,,40,logmass/0.70,,False,3.04536,0.35604,0.05607,0.01585,0.04113,0.01408,0.17455,0.00535,,,,,,,,,,,,,,,,,,,0.06226,1.27601,,,,,2.5064,3.2371,,,,,,,,,,,,,,,,,,,-0.04837,0.01036,,,,,,,,,,
ssfr/ssfr_step_zeta_hcol_linear_eta_mass_step_omega,2026-08-25T03:11:38,3500,7,1820,1813,-455.139,0.073,1681.011,0.9272,-432.848,879.696,918.242,-28.67681,FlatLambdaCDM,linear,linear,step,linear,step,power,,,None,None,False,all,all,all,alpha|beta|gamma|Om0|eta|zeta|omega,,40,logmass/0.70,,False,3.05395,0.35569,0.05732,0.01611,0.04116,0.01787,0.17582,0.00544,,,,,,,,,,,,,,,,,,,0.02268,0.02104,,,,,,,,,,,,,,,,,,,,,,,,,-0.02989,0.01647,,,,,,,-0.01468,0.01145,,
ssfr/ssfr_step_zeta_hcol_linear_eta_mass_step_xisSFRhcol,2026-08-25T03:11:43,3500,7,1820,1813,-455.23,0.072,1682.481,0.928,-433.5827,881.165,919.711,-28.69211,FlatLambdaCDM,linear,linear,step,linear,step,power,,,None,None,False,all,all,all,alpha|beta|gamma|Om0|eta|zeta|xi_sSFR_col,,40,logmass/0.70,,False,3.04885,0.35766,0.05631,0.01598,0.03369,0.01741,0.17501,0.00532,,,,,,,,,,,,,,,,,,,0.01554,0.02421,,,,,,,,,,,,,,,,,,,,,,,,,-0.0421,0.03202,,,,,,,,,-0.0007,0.02373
ssfr/ssfr_step_zeta_hcol_linear_eta_mass_step_xihcolmass,2026-08-25T03:13:24,3500,7,1820,1813,-455.733,0.073,1682.436,0.928,-433.5603,881.121,919.667,-28.69206,FlatLambdaCDM,linear,linear,step,linear,step,power,,,None,None,False,all,all,all,alpha|beta|gamma|Om0|eta|xi_mass_col|zeta,,40,logmass/0.70,,False,3.04808,0.35815,0.05657,0.01596,0.03405,0.02898,0.17493,0.00547,,,,,,,,,,,,,,,,,,,0.01541,0.02018,,,,,,,,,,,,,,,,,-0.00044,0.01546,,,,,,,-0.04297,0.01318,,,,,,,,,,
ssfr/ssfr_tanh_zeta_hcol_tanh_etaC0_mass_step,2026-08-25T03:13:36,3500,7,1820,1813,-446.696,0.057,1679.338,0.9263,-432.0114,878.023,916.569,-28.72183,FlatLambdaCDM,linear,linear,step,tanh,tanh,power,,,None,None,False,all,all,all,alpha|beta|gamma|Om0|eta|C0|zeta,,40,logmass/0.70,,False,3.041,0.35623,0.0566,0.01564,0.03677,0.01461,0.17436,0.00538,,,,,,,,,,,,,,,,,,,-0.07994,1.29115,,,,,2.25939,3.34776,,,,,,,,,,,,,,,,,,,-0.11311,0.02268,,,,,,,,,,
ssfr/ssfr_step_zeta_hcol_linear_eta_mass_step_xisSFRmass,2026-08-25T03:15:07,3500,7,1820,1813,-455.68,0.073,1682.088,0.9278,-433.3866,880.773,919.319,-28.68588,FlatLambdaCDM,linear,linear,step,linear,step,power,,,None,None,False,all,all,all,alpha|beta|gamma|Om0|eta|zeta|xi_sSFR_mass,,40,logmass/0.70,,False,3.05119,0.35598,0.05641,0.01616,0.04483,0.02194,0.17566,0.00544,,,,,,,,,,,,,,,,,,,0.01932,0.02073,,,,,,,,,,,,,,,,,,,,,,,,,-0.03581,0.01571,,,,,-0.00953,0.01204,,,,
ssfr/ssfr_step_zeta_hcol_quadratic_etaC0_mass_step,2026-08-25T03:15:42,3500,7,1820,1813,-451.812,0.066,1681.406,0.9274,-433.0452,880.09,918.637,-28.69501,FlatLambdaCDM,linear,linear,step,quadratic,step,power,,,None,None,False,all,all,all,alpha|beta|gamma|Om0|eta|C0|zeta,,40,logmass/0.70,,False,3.04718,0.3561,0.05674,0.01594,0.04107,0.01576,0.17505,0.00539,,,,,,,,,,,,,,,,,,,0.01015,0.01562,,,,,1.19391,2.02299,,,,,,,,,,,,,,,,,,,-0.04253,0.01236,,,,,,,,,,
ssfr/ssfr_tanh_zeta_hcol_linear_eta_mass_step_xisSFRhcol,2026-08-25T03:44:12,3500,7,1820,1813,-452.438,0.069,1680.005,0.9266,-432.3448,878.69,917.236,-28.70914,FlatLambdaCDM,linear,linear,step,linear,tanh,power,,,None,None,False,all,all,all,alpha|beta|gamma|Om0|eta|zeta|xi_sSFR_col,,40,logmass/0.70,,False,3.04462,0.35754,0.05638,0.01604,0.03272,0.01747,0.17466,0.00541,,,,,,,,,,,,,,,,,,,0.00508,0.02471,,,,,,,,,,,,,,,,,,,,,,,,,-0.11151,0.06553,,,,,,,,,0.00355,0.04755
ssfr/ssfr_step_zeta_hcol_asymm_etaC0htau_mass_step,2026-08-25T03:58:17,4000,8,1820,1812,-450.527,0.059,1681.313,0.9279,-432.9989,881.998,926.05,-28.69259,FlatLambdaCDM,linear,linear,step,asymm,step,power,,,None,None,False,all,all,all,alpha|beta|gamma|Om0|eta|C0|htau|zeta,,40,logmass/0.70,,False,3.04952,0.35752,0.0564,0.01607,0.03487,0.01633,0.1751,0.00535,,,,,,,,,,,,,,,,,,,0.10269,0.21373,,,,,-0.31821,2.26931,,,,,,,,,0.45597,0.85306,,,,,,,,,-0.04391,0.01254,,,,,,,,,,
ssfr/ssfr_sigmoid_zetaF0ftau_hcol_linear_eta_mass_step,2026-08-25T04:26:43,4000,8,1820,1812,-451.135,0.064,1675.41,0.9246,-430.0472,876.094,920.147,-28.70657,FlatLambdaCDM,linear,linear,step,linear,sigmoid,power,,,None,None,False,all,all,all,alpha|beta|gamma|Om0|eta|zeta|F0|ftau,,40,logmass/0.70,,False,3.04709,0.35477,0.05682,0.01591,0.02816,0.0169,0.17388,0.00537,,,,,,,,,,,,,,,,,,,0.00133,0.02239,,,,,,,,,,,,,,,,,,,,,,,,,-0.05922,0.01641,-10.21868,0.45185,0.24264,0.35262,,,,,,
ssfr/ssfr_tanh_zetaF0ftau_hcol_linear_mass_step_xisSFRmass,2026-08-25T04:27:18,4000,8,1820,1812,-449.045,0.059,1676.949,0.9255,-430.8171,877.634,921.687,-28.66482,FlatLambdaCDM,linear,linear,step,linear,tanh,power,,,None,None,False,all,all,all,alpha|beta|gamma|Om0|zeta|xi_sSFR_mass|F0|ftau,,40,logmass/0.70,,False,3.05806,0.35649,0.05699,0.01599,0.03063,0.0214,0.17575,0.00536,,,,,,,,,,,,,,,,,,,,,,,,,,,,,,,,,,,,,,,,,,,,,-0.38387,0.22599,-10.17937,0.56001,0.10513,0.07729,-0.11708,0.17833,,,,
ssfr/ssfr_step_zetaF0_hcol_linear_mass_step_M0xisSFRmass,2026-08-25T04:55:32,4000,8,1820,1812,-450.194,0.066,1669.73,0.9215,-427.2075,870.415,914.468,-28.63773,FlatLambdaCDM,linear,linear,step,linear,step,power,,,None,None,False,all,all,all,alpha|beta|gamma|Om0|M0|zeta|xi_sSFR_mass|F0,,40,logmass/0.70,,False,3.05877,0.35575,0.05698,0.01595,0.05014,0.02901,0.17622,0.00532,,,,,,,,,,,,,,,,,,,,,9.92399,0.66476,,,,,,,,,,,,,,,,,,,,,,,-0.0274,0.01501,-10.28473,0.62618,,,-0.00562,0.02085,,,,
ssfr/ssfr_tanh_zetaF0ftau_hcol_linear_eta_mass_step,2026-08-25T04:56:13,4000,8,1820,1812,-449.459,0.062,1675.039,0.9244,-429.8617,875.723,919.776,-28.70168,FlatLambdaCDM,linear,linear,step,linear,tanh,power,,,None,None,False,all,all,all,alpha|beta|gamma|Om0|eta|zeta|F0|ftau,,40,logmass/0.70,,False,3.0484,0.35431,0.05676,0.01604,0.02779,0.01706,0.17383,0.00543,,,,,,,,,,,,,,,,,,,0.00302,0.02201,,,,,,,,,,,,,,,,,,,,,,,,,-0.46098,0.29716,-10.11797,0.3161,0.19767,0.21486,,,,,,
ssfr/ssfr_step_zeta_hcol_sigmoid_etaC0_mass_step_xisSFRhcol,2026-08-25T05:01:55,4000,8,1820,1812,-450.775,0.059,1681.172,0.9278,-432.9283,881.857,925.909,-29.51515,FlatLambdaCDM,linear,linear,step,sigmoid,step,power,,,None,None,False,all,all,all,alpha|beta|gamma|Om0|eta|C0|zeta|xi_sSFR_col,,40,logmass/0.70,,False,3.04842,0.3571,0.05639,0.016,0.03532,0.01615,0.17497,0.00527,,,,,,,,,,,,,,,,,,,0.2767,0.51895,,,,,3.31946,3.13684,,,,,,,,,,,,,,,,,,,0.14966,0.37698,,,,,,,,,0.15955,0.40811
ssfr/ssfr_step_zeta_hcol_linear_eta_mass_step_xisSFRmassxisSFRhcol,2026-08-25T05:12:45,4000,8,1820,1812,-459.478,0.074,1682.065,0.9283,-433.3747,882.749,926.802,-28.68141,FlatLambdaCDM,linear,linear,step,linear,step,power,,,None,None,False,all,all,all,alpha|beta|gamma|Om0|eta|zeta|xi_sSFR_col|xi_sSFR_mass,,40,logmass/0.70,,False,3.0505,0.35632,0.05668,0.01625,0.04449,0.02235,0.17567,0.00543,,,,,,,,,,,,,,,,,,,0.0182,0.02462,,,,,,,,,,,,,,,,,,,,,,,,,-0.03769,0.03274,,,,,-0.0095,0.0121,,,0.00147,0.02396
ssfr/ssfr_step_zeta_hcol_asymm_etaC0htau_mass_step_xisSFRhcol,2026-08-25T05:56:52,4500,9,1820,1811,-452.743,0.059,1681.068,0.9283,-432.8764,883.753,933.312,-28.70837,FlatLambdaCDM,linear,linear,step,asymm,step,power,,,None,None,False,all,all,all,alpha|beta|gamma|Om0|eta|C0|htau|zeta|xi_sSFR_col,,40,logmass/0.70,,False,3.04732,0.35714,0.05675,0.01592,0.03593,0.01714,0.17498,0.00536,,,,,,,,,,,,,,,,,,,0.19599,0.31077,,,,,-1.38053,1.07649,,,,,,,,,0.07988,0.27241,,,,,,,,,-0.03928,0.05727,,,,,,,,,-0.03275,0.30485
ssfr/ssfr_step_zeta_hcol_quadratic_etaC0_mass_step_xisSFRhcol,2026-08-25T06:04:22,4000,8,1820,1812,-455.39,0.07,1677.852,0.926,-431.2685,878.537,922.59,-28.70299,FlatLambdaCDM,linear,linear,step,quadratic,step,power,,,None,None,False,all,all,all,alpha|beta|gamma|Om0|eta|C0|zeta|xi_sSFR_col,,40,logmass/0.70,,False,3.04591,0.35622,0.05634,0.01618,0.03726,0.01685,0.17608,0.00553,,,,,,,,,,,,,,,,,,,0.01982,0.02127,,,,,1.13109,1.48901,,,,,,,,,,,,,,,,,,,-0.04632,0.01361,,,,,,,,,0.01005,0.02656
ssfr/ssfr_tanh_zeta_hcol_tanh_etaC0_mass_step_xisSFRhcol,2026-08-25T06:45:03,4000,8,1820,1812,-447.549,0.055,1677.979,0.926,-431.3321,878.664,922.717,-28.83701,FlatLambdaCDM,linear,linear,step,tanh,tanh,power,,,None,None,False,all,all,all,alpha|beta|gamma|Om0|eta|C0|zeta|xi_sSFR_col,,40,logmass/0.70,,False,3.04002,0.35564,0.05741,0.01564,0.0361,0.01513,0.17441,0.00516,,,,,,,,,,,,,,,,,,,-0.2138,1.34209,,,,,2.39685,3.40022,,,,,,,,,,,,,,,,,,,0.29503,0.97398,,,,,,,,,-0.07695,1.05759
ssfr/ssfr_step_zeta_hcol_tanh_etaC0_mass_step_xisSFRhcol,2026-08-25T06:46:48,4000,8,1820,1812,-449.991,0.057,1680.411,0.9274,-432.5477,881.095,925.148,-28.77893,FlatLambdaCDM,linear,linear,step,tanh,step,power,,,None,None,False,all,all,all,alpha|beta|gamma|Om0|eta|C0|zeta|xi_sSFR_col,,40,logmass/0.70,,False,3.04363,0.35528,0.05527,0.01579,0.04087,0.01452,0.17471,0.00533,,,,,,,,,,,,,,,,,,,0.17258,1.35455,,,,,2.70749,3.34446,,,,,,,,,,,,,,,,,,,0.10536,0.87839,,,,,,,,,0.00435,0.8935
ssfr/ssfr_step_zetaF0_hcol_tanh_etaC0_mass_step_M0,2026-08-25T07:40:06,4500,9,1820,1811,-445.077,0.059,1661.359,0.9174,-423.0221,864.044,913.604,-29.06821,FlatLambdaCDM,linear,linear,step,tanh,step,power,,,None,None,False,all,all,all,alpha|beta|gamma|Om0|eta|M0|C0|zeta|F0,,40,logmass/0.70,,False,3.05282,0.35098,0.05661,0.01584,0.05882,0.02129,0.17376,0.00529,,,,,,,,,,,,,,,,,,,-0.31751,1.28375,9.58711,0.38458,,,1.24349,3.33028,,,,,,,,,,,,,,,,,,,-0.05976,0.0117,-10.04822,0.15542,,,,,,,,
ssfr/ssfr_step_zeta_hcol_linear_eta_mass_step_xisSFRmassxisSFRhcolxihcolmassomega,2026-08-25T09:30:58,5000,10,1820,1810,-466.823,0.076,1680.69,0.9286,-432.6872,885.374,940.44,-28.68963,FlatLambdaCDM,linear,linear,step,linear,step,power,,,None,None,False,all,all,all,alpha|beta|gamma|Om0|eta|xi_mass_col|zeta|xi_sSFR_col|xi_sSFR_mass|omega,,40,logmass/0.70,,False,3.0545,0.35738,0.0566,0.0162,0.04131,0.06537,0.17539,0.00546,,,,,,,,,,,,,,,,,,,0.02293,0.02488,,,,,,,,,,,,,,,,,-0.00411,0.02483,,,,,,,-0.03126,0.03309,,,,,0.00771,0.0328,-0.02186,0.024,0.00095,0.02398
ssfr/ssfr_step_zetaF0_hcol_linear_eta_mass_step_M0xisSFRmassxisSFRhcolxihcolmassomega,2026-08-25T15:20:43,6000,12,1820,1808,-462.366,0.071,1663.997,0.9204,-424.3411,872.682,938.761,-28.71685,FlatLambdaCDM,linear,linear,step,linear,step,power,,,None,None,False,all,all,all,alpha|beta|gamma|Om0|eta|xi_mass_col|M0|zeta|xi_sSFR_col|xi_sSFR_mass|omega|F0,,40,logmass/0.70,,False,3.05004,0.35198,0.05748,0.01625,0.06846,0.11723,0.1741,0.00567,,,,,,,,,,,,,,,,,,,-0.02572,0.03696,10.0592,0.74798,,,,,,,,,,,,,,,0.00138,0.05321,,,,,,,-0.03358,0.06132,-10.23577,0.65464,,,0.03301,0.06294,-0.0191,0.0466,-0.01626,0.04194
ssfr/ssfr_step_zeta_hcol_tanh_etaC0_mass_step_xisSFRmassxisSFRhcolxihcolmassomega,2026-08-25T16:46:58,5500,11,1820,1809,-457.702,0.061,1679.108,0.9282,-431.8966,885.793,946.366,-28.3773,FlatLambdaCDM,linear,linear,step,tanh,step,power,,,None,None,False,all,all,all,alpha|beta|gamma|Om0|eta|xi_mass_col|C0|zeta|xi_sSFR_col|xi_sSFR_mass|omega,,40,logmass/0.70,,False,3.04784,0.35495,0.05508,0.01586,0.10576,0.17573,0.17513,0.00524,,,,,,,,,,,,,,,,,,,0.20947,1.57889,,,,,2.61773,3.49246,,,,,,,,,,,0.00312,0.09296,,,,,,,0.00377,0.86326,,,,,0.07715,0.88592,-0.08816,0.88826,-0.10398,0.86008
