run_name,timestamp,nlive,ndim,N_sne,dof,logZ,logZ_err,chi2,chi2_dof,logL_max,AIC,BIC,M_hat,cosmo_type,sn_colour_model,x1_correction_model,mass_model,host_colour_model,ssfr_model,z_evolve_model,zlo,zhi,x1_range,c_range,idsurvey,mass_cut,host_quality_cut,obs_z_type,active_params,prior_overrides,n_gh_nodes,host_colour_err,ssfr_err_max,host_var_penalty,alpha_mean,beta_mean,gamma_mean,Om0_mean,alpha_std,beta_std,gamma_std,Om0_std,gamma_alpha_mean,gamma_alpha_std,sn_tau_mean,sn_tau_std,zeta_mean,zeta_std
combo/drilling_03_mass_linear,2026-09-05T10:07:13,2000,4,240,236,-78.349,0.037,240.061,1.0172,-73.8068,155.614,169.536,-28.6913,FlatLambdaCDM,linear,linear,linear,none,none,power,,,None,None,False,all,all,all,alpha|beta|gamma|Om0,Om0:uniform,40,logmass/0.70,,False,0.1801,3.01323,-0.00811,0.38466,0.01472,0.15443,0.04564,0.0664,,,,,,
combo/drilling_03_mass_step,2026-09-05T10:08:32,2000,4,240,236,-78.689,0.04,239.877,1.0164,-73.7147,155.429,169.352,-28.69294,FlatLambdaCDM,linear,linear,step,none,none,power,,,None,None,False,all,all,all,alpha|beta|gamma|Om0,Om0:uniform,40,logmass/0.70,,False,0.18324,3.01344,0.0154,0.38277,0.01481,0.15675,0.03453,0.06627,,,,,,
combo/drilling_02_mass_linear,2026-09-05T10:10:49,2000,4,283,279,-75.828,0.039,201.276,0.7214,-70.9168,149.834,164.415,-28.63721,FlatLambdaCDM,linear,linear,linear,none,none,power,,,None,None,False,all,all,all,alpha|beta|gamma|Om0,Om0:uniform,40,logmass/0.70,,False,0.19753,3.21265,0.08438,0.34692,0.01419,0.14116,0.04251,0.06805,,,,,,
combo/drilling_02_mass_step,2026-09-05T10:12:55,2000,4,283,279,-77.221,0.041,203.529,0.7295,-72.0432,152.086,166.668,-28.62686,FlatLambdaCDM,linear,linear,step,none,none,power,,,None,None,False,all,all,all,alpha|beta|gamma|Om0,Om0:uniform,40,logmass/0.70,,False,0.1949,3.21351,0.04448,0.35572,0.01458,0.14203,0.03464,0.06841,,,,,,
combo/drilling_01_mass_linear,2026-09-05T10:19:40,2000,4,520,516,-246.355,0.045,539.416,1.0454,-240.5012,489.002,506.018,-28.63732,FlatLambdaCDM,linear,linear,linear,none,none,power,,,None,None,False,all,all,all,alpha|beta|gamma|Om0,Om0:uniform,40,logmass/0.70,,False,0.17771,3.06762,0.16416,0.39815,0.01077,0.11407,0.03294,0.04898,,,,,,
combo/drilling_01_mass_step,2026-09-05T10:21:12,2000,4,520,516,-249.837,0.047,545.769,1.0577,-243.6776,495.355,512.371,-28.62004,FlatLambdaCDM,linear,linear,step,none,none,power,,,None,None,False,all,all,all,alpha|beta|gamma|Om0,Om0:uniform,40,logmass/0.70,,False,0.17505,3.0824,0.10815,0.41595,0.01074,0.11368,0.02539,0.04579,,,,,,
combo/drilling_00_mass_linear,2026-09-05T10:23:47,2000,4,580,576,-182.775,0.047,585.986,1.0173,-176.5027,361.005,378.458,-28.62235,FlatLambdaCDM,linear,linear,linear,none,none,power,,,None,None,False,all,all,all,alpha|beta|gamma|Om0,Om0:uniform,40,logmass/0.70,,False,0.17161,3.12491,0.11516,0.39491,0.01039,0.09464,0.02983,0.04685,,,,,,
combo/drilling_03_mass_linear_interaction_gammaalpha,2026-09-05T10:24:13,2500,5,240,235,-79.341,0.039,240.052,1.0215,-73.802,157.604,175.007,-28.69289,FlatLambdaCDM,linear,linear,linear,none,none,power,,,None,None,False,all,all,all,alpha|beta|gamma|Om0|gamma_alpha,Om0:uniform,40,logmass/0.70,,False,0.18105,3.01637,-0.00379,0.38413,0.01474,0.15447,0.0321,0.06598,-0.09457,3.48488,,,,
combo/drilling_00_mass_step,2026-09-05T10:24:15,2000,4,580,576,-186.976,0.048,594.0,1.0312,-180.5096,369.019,386.471,-28.6089,FlatLambdaCDM,linear,linear,step,none,none,power,,,None,None,False,all,all,all,alpha|beta|gamma|Om0,Om0:uniform,40,logmass/0.70,,False,0.16765,3.10947,0.06439,0.41738,0.01037,0.0942,0.02459,0.04385,,,,,,
combo/drilling_02_mass_linear_interaction_gammaalpha,2026-09-05T10:32:58,2500,5,283,278,-77.288,0.042,200.199,0.7201,-70.3783,150.757,168.984,-28.63054,FlatLambdaCDM,linear,linear,linear,none,none,power,,,None,None,False,all,all,all,alpha|beta|gamma|Om0|gamma_alpha,Om0:uniform,40,logmass/0.70,,False,0.19939,3.19989,0.06701,0.35519,0.01536,0.14216,0.04547,0.06815,-0.42398,2.0074,,,,
combo/drilling_03_mass_linear_sncolour_softbroken_sntau,2026-09-05T10:33:09,2500,5,240,235,-79.831,0.041,239.909,1.0209,-73.7306,157.461,174.864,-28.65983,FlatLambdaCDM,softbroken,linear,linear,none,none,power,,,None,None,False,all,all,all,alpha|beta|gamma|Om0|sn_tau,Om0:uniform,40,logmass/0.70,,False,0.17975,3.52679,-0.0023,0.39412,0.01467,0.39809,0.04619,0.06474,,,1.98787,1.11742,,
combo/drilling_03_mass_linear_ssfr_tanh,2026-09-05T10:36:26,2500,5,240,235,-77.129,0.046,232.15,0.9879,-69.8511,149.702,167.105,-28.76984,FlatLambdaCDM,linear,linear,linear,none,tanh,power,,,None,None,False,all,all,all,alpha|beta|gamma|Om0|zeta,Om0:uniform,40,logmass/0.70,,False,0.18449,2.98493,-0.09719,0.371,0.01464,0.15468,0.0521,0.06824,,,,,-0.19855,0.07219
combo/drilling_02_mass_linear_sncolour_softbroken_sntau,2026-09-05T10:37:21,2500,5,283,278,-77.197,0.044,200.008,0.7195,-70.2827,150.565,168.793,-28.47312,FlatLambdaCDM,softbroken,linear,linear,none,none,power,,,None,None,False,all,all,all,alpha|beta|gamma|Om0|sn_tau,Om0:uniform,40,logmass/0.70,,False,0.1965,3.66039,0.08605,0.35433,0.01441,0.28688,0.04318,0.06811,,,2.24608,0.90307,,
combo/drilling_02_mass_linear_ssfr_tanh,2026-09-05T10:44:35,2500,5,283,278,-77.209,0.046,198.717,0.7148,-69.6375,149.275,167.502,-28.66624,FlatLambdaCDM,linear,linear,linear,none,tanh,power,,,None,None,False,all,all,all,alpha|beta|gamma|Om0|zeta,Om0:uniform,40,logmass/0.70,,False,0.1992,3.18597,0.03796,0.34707,0.01437,0.14214,0.05136,0.0683,,,,,-0.09853,0.06302
combo/drilling_01_mass_linear_sncolour_softbroken_sntau,2026-09-05T10:50:45,2500,5,520,515,-246.929,0.047,536.277,1.0413,-238.932,487.864,509.133,-28.41904,FlatLambdaCDM,softbroken,linear,linear,none,none,power,,,None,None,False,all,all,all,alpha|beta|gamma|Om0|sn_tau,Om0:uniform,40,logmass/0.70,,False,0.17675,3.6013,0.16514,0.40528,0.01084,0.31043,0.03305,0.04804,,,2.00771,0.91071,,
combo/drilling_01_mass_linear_interaction_gammaalpha,2026-09-05T10:54:02,2500,5,520,515,-246.493,0.051,533.774,1.0365,-237.6805,485.361,506.63,-28.63077,FlatLambdaCDM,linear,linear,linear,none,none,power,,,None,None,False,all,all,all,alpha|beta|gamma|Om0|gamma_alpha,Om0:uniform,40,logmass/0.70,,False,0.19165,3.05447,0.15743,0.40452,0.01256,0.11386,0.03351,0.04821,-0.48106,0.25217,,,,
combo/drilling_00_mass_linear_interaction_gammaalpha,2026-09-05T10:56:36,2500,5,580,575,-184.785,0.051,584.702,1.0169,-175.8606,361.721,383.536,-28.61346,FlatLambdaCDM,linear,linear,linear,none,none,power,,,None,None,False,all,all,all,alpha|beta|gamma|Om0|gamma_alpha,Om0:uniform,40,logmass/0.70,,False,0.17681,3.11722,0.11219,0.39973,0.01175,0.09431,0.03143,0.04608,-0.28184,0.32756,,,,
combo/drilling_03_mass_linear_sncolour_softbroken_sntau_interaction_gammaalpha,2026-09-05T10:59:17,3000,6,240,234,-80.787,0.041,239.903,1.0252,-73.7277,159.455,180.339,-28.68611,FlatLambdaCDM,softbroken,linear,linear,none,none,power,,,None,None,False,all,all,all,alpha|beta|gamma|Om0|gamma_alpha|sn_tau,Om0:uniform,40,logmass/0.70,,False,0.18029,3.50886,-0.00078,0.39241,0.01469,0.37026,0.03159,0.06408,-0.10485,3.54733,2.03294,1.08196,,
combo/drilling_00_mass_linear_sncolour_softbroken_sntau,2026-09-05T11:01:20,2500,5,580,575,-182.768,0.05,580.709,1.0099,-173.8642,357.728,379.544,-28.3992,FlatLambdaCDM,softbroken,linear,linear,none,none,power,,,None,None,False,all,all,all,alpha|beta|gamma|Om0|sn_tau,Om0:uniform,40,logmass/0.70,,False,0.17101,3.68265,0.11547,0.40352,0.01027,0.2991,0.03005,0.04651,,,1.88851,0.85622,,
combo/drilling_01_mass_linear_ssfr_tanh,2026-09-05T11:06:59,2500,5,520,515,-240.763,0.052,522.036,1.0137,-231.8111,473.622,494.891,-28.69255,FlatLambdaCDM,linear,linear,linear,none,tanh,power,,,None,None,False,all,all,all,alpha|beta|gamma|Om0|zeta,Om0:uniform,40,logmass/0.70,,False,0.17953,3.02266,0.04856,0.41367,0.01096,0.11496,0.04382,0.04711,,,,,-0.20769,0.05076
combo/drilling_02_mass_linear_sncolour_softbroken_sntau_interaction_gammaalpha,2026-09-05T11:10:59,3000,6,283,277,-78.631,0.046,198.871,0.7179,-69.7143,151.429,173.301,-28.47185,FlatLambdaCDM,softbroken,linear,linear,none,none,power,,,None,None,False,all,all,all,alpha|beta|gamma|Om0|gamma_alpha|sn_tau,Om0:uniform,40,logmass/0.70,,False,0.19864,3.63542,0.06899,0.36182,0.01555,0.27565,0.04538,0.06811,-0.47588,1.89763,2.27169,0.89672,,
combo/drilling_00_mass_linear_ssfr_tanh,2026-09-05T11:11:37,2500,5,580,575,-184.802,0.052,584.249,1.0161,-175.6342,361.268,383.083,-28.6495,FlatLambdaCDM,linear,linear,linear,none,tanh,power,,,None,None,False,all,all,all,alpha|beta|gamma|Om0|zeta,Om0:uniform,40,logmass/0.70,,False,0.1734,3.10623,0.08558,0.39227,0.0103,0.09476,0.03785,0.04676,,,,,-0.06363,0.04927
combo/drilling_03_mass_linear_ssfr_tanh_sncolour_softbroken_sntau,2026-09-05T11:16:25,3000,6,240,234,-78.424,0.045,232.0,0.9915,-69.7765,151.553,172.437,-28.7347,FlatLambdaCDM,softbroken,linear,linear,none,tanh,power,,,None,None,False,all,all,all,alpha|beta|gamma|Om0|sn_tau|zeta,Om0:uniform,40,logmass/0.70,,False,0.18361,3.48456,-0.09275,0.38046,0.01463,0.38733,0.05268,0.06747,,,2.01866,1.10812,-0.19903,0.07246
combo/drilling_03_mass_linear_ssfr_tanh_interaction_gammaalpha,2026-09-05T11:16:44,3000,6,240,234,-77.631,0.05,227.682,0.973,-67.6172,147.234,168.118,-28.73419,FlatLambdaCDM,linear,linear,linear,none,tanh,power,,,None,None,False,all,all,all,alpha|beta|gamma|Om0|gamma_alpha|zeta,Om0:uniform,40,logmass/0.70,,False,0.16363,3.0013,-0.07368,0.38013,0.01881,0.15586,0.04752,0.06768,-0.83882,0.85537,,,-0.16931,0.06822
combo/drilling_02_mass_linear_ssfr_tanh_interaction_gammaalpha,2026-09-05T11:19:41,3000,6,283,277,-79.063,0.049,197.964,0.7147,-69.2609,150.522,172.394,-28.66655,FlatLambdaCDM,linear,linear,linear,none,tanh,power,,,None,None,False,all,all,all,alpha|beta|gamma|Om0|gamma_alpha|zeta,Om0:uniform,40,logmass/0.70,,False,0.19665,3.18251,0.03495,0.35347,0.01581,0.14361,0.04997,0.06818,-0.35471,0.7279,,,-0.08386,0.05984
combo/drilling_02_mass_linear_ssfr_tanh_sncolour_softbroken_sntau,2026-09-05T11:23:08,3000,6,283,277,-78.404,0.048,197.432,0.7128,-68.995,149.99,171.863,-28.51698,FlatLambdaCDM,softbroken,linear,linear,none,tanh,power,,,None,None,False,all,all,all,alpha|beta|gamma|Om0|sn_tau|zeta,Om0:uniform,40,logmass/0.70,,False,0.1981,3.64022,0.03724,0.35428,0.01421,0.29434,0.05119,0.06755,,,2.20047,0.91331,-0.10162,0.06242
combo/drilling_all_mass_linear,2026-09-05T11:29:46,2000,4,1820,1816,-448.239,0.059,1693.918,0.9328,-439.3013,886.603,908.629,-28.67687,FlatLambdaCDM,linear,linear,linear,none,none,power,,,None,None,False,all,all,all,alpha|beta|gamma|Om0,Om0:uniform,40,logmass/0.70,,False,0.17522,3.09712,0.10142,0.34472,0.00525,0.05476,0.01567,0.01882,,,,,,
combo/drilling_01_mass_linear_sncolour_softbroken_sntau_interaction_gammaalpha,2026-09-05T11:34:39,3000,6,520,514,-247.121,0.052,530.842,1.0328,-236.2144,484.429,509.952,-28.41926,FlatLambdaCDM,softbroken,linear,linear,none,none,power,,,None,None,False,all,all,all,alpha|beta|gamma|Om0|gamma_alpha|sn_tau,Om0:uniform,40,logmass/0.70,,False,0.19088,3.59695,0.15893,0.40982,0.01263,0.31738,0.03337,0.04762,-0.47587,0.24524,1.99392,0.91435,,
combo/drilling_all_mass_step,2026-09-05T11:35:58,2000,4,1820,1816,-457.17,0.061,1711.066,0.9422,-447.8754,903.751,925.777,-28.67296,FlatLambdaCDM,linear,linear,step,none,none,power,,,None,None,False,all,all,all,alpha|beta|gamma|Om0,Om0:uniform,40,logmass/0.70,,False,0.17257,3.09384,0.06147,0.35526,0.0053,0.05535,0.0128,0.01907,,,,,,
combo/drilling_00_mass_linear_sncolour_softbroken_sntau_interaction_gammaalpha,2026-09-05T11:43:55,3000,6,580,574,-184.67,0.053,579.45,1.0095,-173.2348,358.47,384.648,-28.40899,FlatLambdaCDM,softbroken,linear,linear,none,none,power,,,None,None,False,all,all,all,alpha|beta|gamma|Om0|gamma_alpha|sn_tau,Om0:uniform,40,logmass/0.70,,False,0.17627,3.69546,0.11287,0.40789,0.01182,0.3016,0.03162,0.04567,-0.28459,0.33355,1.84801,0.85317,,
combo/drilling_01_mass_linear_ssfr_tanh_sncolour_softbroken_sntau,2026-09-05T11:54:02,3000,6,520,514,-241.315,0.052,519.424,1.0106,-230.5052,473.01,498.533,-28.46712,FlatLambdaCDM,softbroken,linear,linear,none,tanh,power,,,None,None,False,all,all,all,alpha|beta|gamma|Om0|sn_tau|zeta,Om0:uniform,40,logmass/0.70,,False,0.17854,3.56476,0.04873,0.41959,0.01083,0.31734,0.04363,0.04587,,,1.96207,0.91646,-0.20794,0.05052
combo/drilling_01_mass_linear_ssfr_tanh_interaction_gammaalpha,2026-09-05T11:54:47,3000,6,520,514,-241.4,0.056,516.998,1.0058,-229.2925,470.585,496.108,-28.6711,FlatLambdaCDM,linear,linear,linear,none,tanh,power,,,None,None,False,all,all,all,alpha|beta|gamma|Om0|gamma_alpha|zeta,Om0:uniform,40,logmass/0.70,,False,0.18022,3.02373,0.06363,0.41653,0.01194,0.11437,0.04031,0.04638,-0.35921,0.17868,,,-0.18345,0.04896
combo/drilling_03_mass_linear_ssfr_tanh_sncolour_softbroken_sntau_interaction_gammaalpha,2026-09-05T11:55:23,3500,7,240,233,-78.868,0.049,227.572,0.9767,-67.5624,149.125,173.489,-28.7149,FlatLambdaCDM,softbroken,linear,linear,none,tanh,power,,,None,None,False,all,all,all,alpha|beta|gamma|Om0|gamma_alpha|sn_tau|zeta,Om0:uniform,40,logmass/0.70,,False,0.16274,3.50474,-0.07306,0.39039,0.0189,0.38128,0.0468,0.06575,-0.81249,0.79951,2.00198,1.10363,-0.17163,0.0679
combo/drilling_00_mass_linear_ssfr_tanh_interaction_gammaalpha,2026-09-05T12:02:39,3000,6,580,574,-187.244,0.055,583.538,1.0166,-175.2788,362.558,388.736,-28.64272,FlatLambdaCDM,linear,linear,linear,none,tanh,power,,,None,None,False,all,all,all,alpha|beta|gamma|Om0|gamma_alpha|zeta,Om0:uniform,40,logmass/0.70,,False,0.17513,3.10505,0.08775,0.39674,0.01134,0.09475,0.03843,0.04692,-0.19358,0.27864,,,-0.05174,0.04784
combo/drilling_02_mass_linear_ssfr_tanh_sncolour_softbroken_sntau_interaction_gammaalpha,2026-09-05T12:04:05,3500,7,283,276,-80.342,0.05,196.669,0.7126,-68.6133,151.227,176.745,-28.49188,FlatLambdaCDM,softbroken,linear,linear,none,tanh,power,,,None,None,False,all,all,all,alpha|beta|gamma|Om0|gamma_alpha|sn_tau|zeta,Om0:uniform,40,logmass/0.70,,False,0.19602,3.63981,0.03587,0.36121,0.01551,0.29049,0.04953,0.06764,-0.36206,0.59682,2.19878,0.91325,-0.08696,0.06041
combo/drilling_00_mass_linear_ssfr_tanh_sncolour_softbroken_sntau,2026-09-05T12:04:59,3000,6,580,574,-184.597,0.053,578.889,1.0085,-172.954,357.908,384.086,-28.43613,FlatLambdaCDM,softbroken,linear,linear,none,tanh,power,,,None,None,False,all,all,all,alpha|beta|gamma|Om0|sn_tau|zeta,Om0:uniform,40,logmass/0.70,,False,0.1728,3.68112,0.08532,0.40163,0.01047,0.29629,0.03805,0.04575,,,1.85049,0.85188,-0.06512,0.05004
combo/drilling_01_mass_linear_ssfr_tanh_sncolour_softbroken_sntau_interaction_gammaalpha,2026-09-05T12:41:35,3500,7,520,513,-242.019,0.056,514.739,1.0034,-228.163,470.326,500.103,-28.48052,FlatLambdaCDM,softbroken,linear,linear,none,tanh,power,,,None,None,False,all,all,all,alpha|beta|gamma|Om0|gamma_alpha|sn_tau|zeta,Om0:uniform,40,logmass/0.70,,False,0.17933,3.56547,0.0644,0.42105,0.01194,0.32135,0.03997,0.04524,-0.34971,0.17836,1.97769,0.92279,-0.18419,0.04885
combo/drilling_all_mass_linear_interaction_gammaalpha,2026-09-05T12:46:23,2500,5,1820,1815,-447.752,0.063,1686.182,0.929,-435.4333,880.867,908.4,-28.67092,FlatLambdaCDM,linear,linear,linear,none,none,power,,,None,None,False,all,all,all,alpha|beta|gamma|Om0|gamma_alpha,Om0:uniform,40,logmass/0.70,,False,0.18285,3.08992,0.10877,0.34773,0.00608,0.05595,0.01666,0.01899,-0.37701,0.14251,,,,
combo/drilling_all_mass_linear_sncolour_softbroken_sntau,2026-09-05T12:50:56,2500,5,1820,1815,-445.774,0.06,1682.678,0.9271,-433.6811,877.362,904.895,-28.4745,FlatLambdaCDM,softbroken,linear,linear,none,none,power,,,None,None,False,all,all,all,alpha|beta|gamma|Om0|sn_tau,Om0:uniform,40,logmass/0.70,,False,0.17455,3.79425,0.10248,0.35062,0.00534,0.28515,0.01585,0.01925,,,1.53085,0.68392,,
combo/drilling_00_mass_linear_ssfr_tanh_sncolour_softbroken_sntau_interaction_gammaalpha,2026-09-05T12:59:00,3500,7,580,573,-186.98,0.056,578.152,1.009,-172.5856,359.171,389.712,-28.41736,FlatLambdaCDM,softbroken,linear,linear,none,tanh,power,,,None,None,False,all,all,all,alpha|beta|gamma|Om0|gamma_alpha|sn_tau|zeta,Om0:uniform,40,logmass/0.70,,False,0.17483,3.68908,0.08787,0.40508,0.0112,0.30323,0.03842,0.04546,-0.19786,0.28074,1.83434,0.84871,-0.05373,0.04734
combo/drilling_all_mass_linear_ssfr_tanh,2026-09-05T13:25:37,2500,5,1820,1815,-440.35,0.064,1670.597,0.9204,-427.641,865.282,892.815,-28.70241,FlatLambdaCDM,linear,linear,linear,none,tanh,power,,,None,None,False,all,all,all,alpha|beta|gamma|Om0|zeta,Om0:uniform,40,logmass/0.70,,False,0.17587,3.05489,0.05752,0.36209,0.00529,0.056,0.01833,0.0197,,,,,-0.11083,0.02295
combo/drilling_all_mass_linear_sncolour_softbroken_sntau_interaction_gammaalpha,2026-09-05T14:08:07,3000,6,1820,1814,-445.293,0.063,1675.005,0.9234,-429.8448,871.69,904.729,-28.46877,FlatLambdaCDM,softbroken,linear,linear,none,none,power,,,None,None,False,all,all,all,alpha|beta|gamma|Om0|gamma_alpha|sn_tau,Om0:uniform,40,logmass/0.70,,False,0.18236,3.78603,0.11044,0.35322,0.00608,0.28475,0.01648,0.01938,-0.36973,0.13959,1.5348,0.68425,,
combo/drilling_all_mass_linear_ssfr_tanh_interaction_gammaalpha,2026-09-05T15:09:27,3000,6,1820,1814,-439.779,0.066,1662.622,0.9166,-423.6533,859.307,892.346,-28.69432,FlatLambdaCDM,linear,linear,linear,none,tanh,power,,,None,None,False,all,all,all,alpha|beta|gamma|Om0|gamma_alpha|zeta,Om0:uniform,40,logmass/0.70,,False,0.17744,3.05505,0.06191,0.36175,0.00583,0.05586,0.01908,0.0199,-0.33153,0.12503,,,-0.10721,0.02285
combo/drilling_all_mass_linear_ssfr_tanh_sncolour_softbroken_sntau,2026-09-05T15:10:22,3000,6,1820,1814,-437.569,0.064,1658.925,0.9145,-421.8048,855.61,888.649,-28.49382,FlatLambdaCDM,softbroken,linear,linear,none,tanh,power,,,None,None,False,all,all,all,alpha|beta|gamma|Om0|sn_tau|zeta,Om0:uniform,40,logmass/0.70,,False,0.17521,3.78977,0.05787,0.36894,0.00533,0.28837,0.01849,0.02002,,,1.42994,0.64302,-0.11219,0.02305
combo/drilling_all_mass_linear_ssfr_tanh_sncolour_softbroken_sntau_interaction_gammaalpha,2026-09-05T17:06:44,3500,7,1820,1813,-436.875,0.066,1650.999,0.9106,-417.8418,849.684,888.23,-28.4974,FlatLambdaCDM,softbroken,linear,linear,none,tanh,power,,,None,None,False,all,all,all,alpha|beta|gamma|Om0|gamma_alpha|sn_tau|zeta,Om0:uniform,40,logmass/0.70,,False,0.17684,3.79015,0.06286,0.36822,0.00577,0.2875,0.01896,0.01996,-0.32611,0.1208,1.428,0.63856,-0.10827,0.02263
