combo,cone,cone_label,n_sne,gaussian_nsigma,kde_nsigma,lnB,cone_logz,cone_logz_err,ref_logz,ref_logz_err,cone_Om0,cone_Om0_err,ref_Om0,ref_Om0_err,delta_Om0,delta_Om0_var_negative,delta_Om0_err,delta_Om0_nsigma,delta_Om0_nsigma_quad,cone_alpha,cone_alpha_err,ref_alpha,ref_alpha_err,delta_alpha,delta_alpha_var_negative,delta_alpha_err,delta_alpha_nsigma,delta_alpha_nsigma_quad,cone_beta,cone_beta_err,ref_beta,ref_beta_err,delta_beta,delta_beta_var_negative,delta_beta_err,delta_beta_nsigma,delta_beta_nsigma_quad,cone_gamma,cone_gamma_err,ref_gamma,ref_gamma_err,delta_gamma,delta_gamma_var_negative,delta_gamma_err,delta_gamma_nsigma,delta_gamma_nsigma_quad,cone_zeta,cone_zeta_err,ref_zeta,ref_zeta_err,delta_zeta,delta_zeta_var_negative,delta_zeta_err,delta_zeta_nsigma,delta_zeta_nsigma_quad,cone_sn_tau,cone_sn_tau_err,ref_sn_tau,ref_sn_tau_err,delta_sn_tau,delta_sn_tau_var_negative,delta_sn_tau_err,delta_sn_tau_nsigma,delta_sn_tau_nsigma_quad,cone_gamma_alpha,cone_gamma_alpha_err,ref_gamma_alpha,ref_gamma_alpha_err,delta_gamma_alpha,delta_gamma_alpha_var_negative,delta_gamma_alpha_err,delta_gamma_alpha_nsigma,delta_gamma_alpha_nsigma_quad
mass_step,0,"c00 (RA 53.5, Dec -28.2, N=580)",580.0,0.351,0.316,-270.194,-186.97612155813135,0.04818441331489185,-457.17000072611285,0.060675173135668656,0.4173759605859601,0.04384997019757681,0.3552566893885609,0.01906665821193286,0.062119271197399184,False,0.0394877503911999,1.573127630264875,1.2991350426855077,0.16764649931126732,0.010365758925766891,0.17257471799670313,0.0053017361050058665,-0.0049282186854358034,False,0.008907331383753115,-0.5532766743611701,-0.42328064834037327,3.1094661807058914,0.09419565407409423,3.093843036899744,0.055346871595801726,0.015623143806147599,False,0.07622037162730355,0.204973335508523,0.1430004000899107,0.06438680970232663,0.02458658451400817,0.06146653488228634,0.01279759671076615,0.002920274820040293,False,0.02099337172759664,0.1391046115856403,0.10535723151064998,,,,,,,,,,,,,,,,,,,,,,,,,,,
mass_step,1,"c01 (RA 35.8, Dec -5.0, N=520)",520.0,1.03,1.154,-207.333,-249.83686747649344,0.046714095057357324,-457.17000072611285,0.060675173135668656,0.41595369670383137,0.04578617554131181,0.3552566893885609,0.01906665821193286,0.060697007315270446,False,0.04162735176934936,1.4581039805650635,1.2237918384354904,0.1750500997042386,0.010742400499921945,0.17257471799670313,0.0053017361050058665,0.0024753817075354734,False,0.009342952572586488,0.2649464062140896,0.20663541918280745,3.0823955233765687,0.11368089417472281,3.093843036899744,0.055346871595801726,-0.011447513523175079,False,0.09929788268096336,-0.11528456815091497,-0.09053839961693042,0.10815304277914486,0.025392156330844348,0.06146653488228634,0.01279759671076615,0.04668650789685853,False,0.021931327400744032,2.1287588773707635,1.6418769750119353,,,,,,,,,,,,,,,,,,,,,,,,,,,
mass_step,2,"c02 (RA 8.8, Dec -43.6, N=283)",283.0,0.731,0.671,-379.949,-77.22061129049281,0.04078165563356329,-457.17000072611285,0.060675173135668656,0.3557212058278319,0.06841198449718745,0.3552566893885609,0.01906665821193286,0.00046451643927097885,False,0.0657013102416744,0.007070124439867497,0.006540709618340588,0.19490007798648262,0.014584787213395121,0.17257471799670313,0.0053017361050058665,0.022325359989779497,False,0.013587038394473281,1.643136593980676,1.4386269958041655,3.2135095410531007,0.1420263775506419,3.093843036899744,0.055346871595801726,0.11966650415335689,False,0.13079837814252634,0.9148928744587379,0.7850610535629066,0.044478274055583876,0.034640730925120204,0.06146653488228634,0.01279759671076615,-0.01698826082670246,False,0.032190087875853444,-0.5277481966567033,-0.4600236398085152,,,,,,,,,,,,,,,,,,,,,,,,,,,
mass_step,3,"c03 (RA 41.7, Dec -0.7, N=240)",240.0,0.658,0.873,-378.481,-78.68910611414466,0.039867904551464946,-457.17000072611285,0.060675173135668656,0.382766338750292,0.06626940110194882,0.3552566893885609,0.01906665821193286,0.02750964936173106,False,0.06346728343832204,0.4334461453429802,0.3989348586717629,0.18323746741058228,0.01481250395091672,0.17257471799670313,0.0053017361050058665,0.010662749413879152,False,0.013831191834719113,0.7709205064391831,0.6777432698780148,3.0134427195735514,0.15674709331739606,3.093843036899744,0.055346871595801726,-0.08040031732619246,False,0.14665052017640548,-0.5482443378276406,-0.48366461376768705,0.01539677938518266,0.03453087117148123,0.06146653488228634,0.01279759671076615,-0.04606975549710368,False,0.032071834719735334,-1.4364552542656612,-1.2510092324370414,,,,,,,,,,,,,,,,,,,,,,,,,,,
mass_linear,0,"c00 (RA 53.5, Dec -28.2, N=580)",580.0,0.284,0.322,-265.464,-182.77482136324633,0.046888587038296854,-448.23921641176275,0.0593936785169931,0.39491075945516746,0.046848525373085294,0.3447201315007971,0.018822263947083605,0.05019062795437035,False,0.04290112713599648,1.1699139697487706,0.9941054030328813,0.17161353324118447,0.010392954724920902,0.17522289303973357,0.005245553653906472,-0.0036093597985490944,False,0.008972049641985056,-0.40228932546906054,-0.3100369910972449,3.1249050540558665,0.0946368980817945,3.0971161271910237,0.05476267843733193,0.0277889268648428,False,0.07718284478375581,0.3600401999006308,0.25415302816412916,0.11516026266777468,0.029833941752595374,0.10142012508986954,0.015667242611613768,0.01374013757790514,False,0.025389005286660746,0.5411845569674263,0.4077485550032527,,,,,,,,,,,,,,,,,,,,,,,,,,,
mass_linear,1,"c01 (RA 35.8, Dec -5.0, N=520)",520.0,1.022,1.081,-201.884,-246.35486657939282,0.04497379863126504,-448.23921641176275,0.0593936785169931,0.3981465058939406,0.04898115985069431,0.3447201315007971,0.018822263947083605,0.053426374393143516,False,0.04522030959895768,1.1814685672646297,1.0181659143539976,0.1777053545211922,0.010767206188729823,0.17522289303973357,0.005245553653906472,0.002482461481458642,False,0.009403025894604898,0.2640066622472012,0.20726903179280148,3.0676217389191214,0.11407058088661218,3.0971161271910237,0.05476267843733193,-0.029494388271902316,False,0.10006571078135863,-0.2947502000595079,-0.23309314858988855,0.16416476749830147,0.032935581503328405,0.10142012508986954,0.015667242611613768,0.06274464240843193,False,0.028970502893654125,2.1658112956739837,1.720345694415032,,,,,,,,,,,,,,,,,,,,,,,,,,,
mass_linear,2,"c02 (RA 8.8, Dec -43.6, N=283)",283.0,0.679,0.759,-372.411,-75.82810101401195,0.03935067450145889,-448.23921641176275,0.0593936785169931,0.34692465955339463,0.06804902542876379,0.3447201315007971,0.018822263947083605,0.002204528052597521,False,0.06539413002487958,0.033711405775392916,0.031223769768607825,0.19752693494524245,0.014193773415481654,0.17522289303973357,0.005245553653906472,0.022304041905508887,False,0.013188910896431979,1.691120827235465,1.473960041740721,3.2126525144677047,0.14116057371339705,3.0971161271910237,0.05476267843733193,0.11553638727668103,False,0.13010517522936887,0.888022994265956,0.7630652259112987,0.08437779635911484,0.0425083822256508,0.10142012508986954,0.015667242611613768,-0.017042328730754702,False,0.03951582048231896,-0.4312786251870983,-0.3761796385580606,,,,,,,,,,,,,,,,,,,,,,,,,,,
mass_linear,3,"c03 (RA 41.7, Dec -0.7, N=240)",240.0,1.434,1.484,-369.89,-78.34945417270023,0.03723937871854198,-448.23921641176275,0.0593936785169931,0.3846648542086267,0.06639688818939567,0.3447201315007971,0.018822263947083605,0.039944722707829616,False,0.06367314301290165,0.6273402068394188,0.5787981397080316,0.1801037220847754,0.014720865986813172,0.17522289303973357,0.005245553653906472,0.004880829045041835,False,0.013754565142733571,0.3548515706889024,0.3123224654776808,3.0132308053596266,0.15442639163900065,3.0971161271910237,0.05476267843733193,-0.08388532183139707,False,0.14439030260031796,-0.5809622967797032,-0.5119675679367869,-0.008105395216261056,0.045644949015771465,0.10142012508986954,0.015667242611613768,-0.1095255203061306,False,0.04287188915363085,-2.554716446332639,-2.2695391546014987,,,,,,,,,,,,,,,,,,,,,,,,,,,
mass_linear_ssfr_tanh,0,"c00 (RA 53.5, Dec -28.2, N=580)",580.0,0.101,0.114,-255.548,-184.80211883028068,0.05233047282242622,-440.3498536279289,0.06425819910002192,0.39227341923159736,0.04675696073348711,0.36209207568652935,0.019704947014572084,0.030181343545068018,False,0.04240198627642062,0.7117907955611883,0.5948291769622044,0.1733978959856497,0.010301236205755803,0.17587370595358928,0.005294471292293427,-0.002475809967939585,False,0.00883651747589824,-0.28017937775740287,-0.21376027373153128,3.1062326135390865,0.09476350127614007,3.054890236052417,0.05599932988420328,0.05134237748666948,False,0.07644734283566158,0.6716044741677928,0.4664397098548081,0.08558488091901464,0.03784881626274906,0.05751839402253175,0.018328660695588778,0.028066486896482896,False,0.033114846966237316,0.8475499501809101,0.6674041082320653,-0.0636330848462583,0.049273619847144276,-0.1108252054617581,0.02294816100059604,0.047192120615499794,False,0.043603572325345244,1.0822994103184673,0.8682142899355934,,,,,,,,,,,,,,,,,,
mass_linear_ssfr_tanh,1,"c01 (RA 35.8, Dec -5.0, N=520)",520.0,0.923,0.92,-199.587,-240.76314102381258,0.05166899111890293,-440.3498536279289,0.06425819910002192,0.41366751749244907,0.047107199718126186,0.36209207568652935,0.019704947014572084,0.05157544180591972,False,0.04278788763699763,1.2053748070826404,1.0100464767957016,0.17953206208112885,0.010963065357178154,0.17587370595358928,0.005294471292293427,0.0036583561275395637,False,0.00959986331990412,0.3810841889753178,0.3004915343354544,3.0226578285588244,0.11495964919162353,3.054890236052417,0.05599932988420328,-0.032232407493592685,False,0.10039818720864101,-0.3210457119769442,-0.2520646874142052,0.04855776750924488,0.04382345330201937,0.05751839402253175,0.018328660695588778,-0.00896062651328687,False,0.03980647254430178,-0.22510476162675125,-0.18863704102305737,-0.207687552006942,0.05075648278544183,-0.1108252054617581,0.02294816100059604,-0.0968623465451839,False,0.04527253528840168,-2.13953881593194,-1.7389031349580255,,,,,,,,,,,,,,,,,,
mass_linear_ssfr_tanh,2,"c02 (RA 8.8, Dec -43.6, N=283)",283.0,0.606,0.625,-363.14,-77.20948389418191,0.04623041235057879,-440.3498536279289,0.06425819910002192,0.3470665059598338,0.06830092091276976,0.36209207568652935,0.019704947014572084,-0.015025569726695553,False,0.0653967190360903,-0.22976029911230614,-0.21137001378264944,0.19919514303598607,0.014367155687206253,0.17587370595358928,0.005294471292293427,0.023321437082396784,False,0.013356037446619553,1.746134448604702,1.523117294253267,3.185974270687413,0.14214415879373962,3.054890236052417,0.05599932988420328,0.13108403463499574,False,0.13064852441455296,1.0033334492095822,0.8580075780909489,0.03796280339589729,0.05136288778587169,0.05751839402253175,0.018328660695588778,-0.019555590626634457,False,0.04798131343356522,-0.4075668052253523,-0.35858669599979626,-0.09853300510206055,0.0630220262518757,-0.1108252054617581,0.02294816100059604,0.012292200359697553,False,0.05869546574977348,0.20942333794744597,0.18327401344796648,,,,,,,,,,,,,,,,,,
mass_linear_ssfr_tanh,3,"c03 (RA 41.7, Dec -0.7, N=240)",240.0,1.728,1.767,-363.221,-77.1285577428625,0.045558389051466704,-440.3498536279289,0.06425819910002192,0.37100396190341517,0.06823740667766136,0.36209207568652935,0.019704947014572084,0.008911886216885823,False,0.06533038139522415,0.13641258517950897,0.12547437289436186,0.18449259488593725,0.014643533391767358,0.17587370595358928,0.005294471292293427,0.008618888932347968,False,0.013652898737297015,0.6312863735525167,0.5535122116656557,2.9849260978582715,0.15468270162781916,3.054890236052417,0.05599932988420328,-0.0699641381941456,False,0.14419019812525782,-0.4852211808001529,-0.4252949473231665,-0.09719292673838248,0.05209925376396352,0.05751839402253175,0.018328660695588778,-0.15471132076091423,False,0.04876876500248747,-3.1723444453232132,-2.801256042615842,-0.19854966163241874,0.07218774127310673,-0.1108252054617581,0.02294816100059604,-0.08772445617066064,False,0.06844305586985228,-1.2817144859439482,-1.1581164142873408,,,,,,,,,,,,,,,,,,
mass_linear_sncolour_softbroken_sntau,0,"c00 (RA 53.5, Dec -28.2, N=580)",580.0,0.156,0.099,-263.006,-182.7675981629818,0.04983598509235919,-445.77352388965494,0.06048719423122015,0.4035234103491264,0.046513602901106114,0.3506200023583314,0.019249313965033883,0.052903407990795015,False,0.04234358471737293,1.2493842536928517,1.050935215212941,0.17100860320479505,0.010266922498372407,0.17455086078755108,0.005339162022216153,-0.003542257582756031,False,0.008769438208238327,-0.40393209902868193,-0.30610000655287045,3.6826539502599585,0.2990977895472368,3.794247855309378,0.28515311336658034,-0.11159390504941946,False,0.09026178399183869,-1.2363361337895735,-0.27004268367150086,0.1154728838053497,0.030053858809664737,0.10248165903410514,0.015852484894956356,0.012991224771244564,False,0.025532981651316074,0.5088017117881313,0.38233707416295215,,,,,,,,,,1.8885091974453863,0.8562206190168412,1.5308543191107562,0.6839187091629353,0.35765487833463006,False,0.5151397360779764,0.6942871094698314,0.3263760078802798,,,,,,,,,
mass_linear_sncolour_softbroken_sntau,1,"c01 (RA 35.8, Dec -5.0, N=520)",520.0,0.846,0.8,-198.844,-246.92941412831306,0.04746436266411914,-445.77352388965494,0.06048719423122015,0.4052818937530679,0.0480397751508009,0.3506200023583314,0.019249313965033883,0.054661891394736484,False,0.04401458745024266,1.2419039814136692,1.056210540388169,0.17674934964568187,0.01083668922473285,0.17455086078755108,0.005339162022216153,0.002198488858130787,False,0.009430121009508085,0.233134745133612,0.18198532859884253,3.601296737662179,0.3104318484937162,3.794247855309378,0.28515311336658034,-0.19295111764719897,False,0.12270140380848028,-1.5725257548672276,-0.45774935802823763,0.16514422366735987,0.03304746714999435,0.10248165903410514,0.015852484894956356,0.06266256463325473,False,0.028997134473687843,2.1609916210898383,1.709620103428284,,,,,,,,,,2.0077127994362374,0.9107072567201804,1.5308543191107562,0.6839187091629353,0.47685848032548117,False,0.6013675304667695,0.7929568128750701,0.41869457965653156,,,,,,,,,
mass_linear_sncolour_softbroken_sntau,2,"c02 (RA 8.8, Dec -43.6, N=283)",283.0,0.431,0.312,-368.577,-77.19669959811317,0.04417345174366511,-445.77352388965494,0.06048719423122015,0.3543336756569168,0.06811116793235077,0.3506200023583314,0.019249313965033883,0.003713673298585407,False,0.06533448636810761,0.05684093508689769,0.0524685730785969,0.19650218172313375,0.014405340656549968,0.17455086078755108,0.005339162022216153,0.021951320935582663,False,0.013379356798134064,1.640685816723572,1.42884725562433,3.6603948972349327,0.28687983657769306,3.794247855309378,0.28515311336658034,-0.1338529580744452,False,0.03142837208940449,-4.258984769992949,-0.33091766179185866,0.08605151212799807,0.043180863891560624,0.10248165903410514,0.015852484894956356,-0.01643014690610707,False,0.04016572829013143,-0.4090588570292126,-0.3571865357804951,,,,,,,,,,2.2460753024794546,0.9030747627930277,1.5308543191107562,0.6839187091629353,0.7152209833686984,False,0.5897450520780887,1.2127630080972607,0.631361420565698,,,,,,,,,
mass_linear_sncolour_softbroken_sntau,3,"c03 (RA 41.7, Dec -0.7, N=240)",240.0,1.064,1.314,-365.943,-79.83086383359485,0.04063294628989495,-445.77352388965494,0.06048719423122015,0.39411760847793464,0.06473676543030102,0.3506200023583314,0.019249313965033883,0.04349760611960324,False,0.0618086782762208,0.7037459355661024,0.6440461622443489,0.17974843680994673,0.014666233055628147,0.17455086078755108,0.005339162022216153,0.00519757602239565,False,0.01365985874533571,0.3804999831473669,0.3330103355752911,3.5267871034963676,0.3980860684259472,3.794247855309378,0.28515311336658034,-0.2674607518130103,False,0.2777772845503644,-0.9628604161997864,-0.5461968885155012,-0.002295525297819935,0.04619010128848149,0.10248165903410514,0.015852484894956356,-0.10477718433192507,False,0.043384607635604595,-2.415077375182649,-2.1455483593985822,,,,,,,,,,1.987867900321292,1.1174164018293462,1.5308543191107562,0.6839187091629353,0.4570135812105358,False,0.8836711007689158,0.5171761086368797,0.3488384761012881,,,,,,,,,
mass_linear_interaction_gammaalpha,0,"c00 (RA 53.5, Dec -28.2, N=580)",580.0,0.137,0.197,-262.967,-184.78485437836906,0.0511953851567487,-447.75164501847894,0.06284526966526888,0.3997278652812392,0.04608023105892311,0.3477286960921724,0.018994710406570497,0.05199916918906683,False,0.04198319510249624,1.2385710297207717,1.04328818010552,0.1768130756925033,0.011751606160376652,0.182851687819178,0.006077092894619824,-0.006038612126674697,False,0.010058289581174511,-0.6003617292921055,-0.4564353464576806,3.117222401661856,0.09430597140945793,3.0899162144882415,0.055951654038573044,0.02730618717361466,False,0.07591461423091952,0.3596960539186015,0.24901923691104705,0.1121875149000431,0.031427535693609863,0.10876656587170257,0.016658677660689066,0.003420949028340531,False,0.026649173690198747,0.1283697974319825,0.09617600809349146,,,,,,,,,,,,,,,,,,,-0.28184244735253866,0.32755768088209597,-0.3770149929012816,0.1425133552237579,0.09517254554874294,False,0.2949304628005117,0.3226948638842939,0.26642770684472356
mass_linear_interaction_gammaalpha,1,"c01 (RA 35.8, Dec -5.0, N=520)",520.0,0.656,0.718,-201.258,-246.49346108371856,0.05101472225378601,-447.75164501847894,0.06284526966526888,0.4045150626406821,0.048206353857681544,0.3477286960921724,0.018994710406570497,0.056786366548509715,False,0.044306359913928055,1.281675286772057,1.0959736602149708,0.1916506762294422,0.01256248075727788,0.182851687819178,0.006077092894619824,0.008798988410264219,False,0.010994765332972698,0.8002888778241165,0.630517839724466,3.054474508793467,0.11386392611626915,3.0899162144882415,0.055951654038573044,-0.03544170569477467,False,0.09916857405932099,-0.3573884774583331,-0.2793581090983127,0.15742611583338284,0.03351218874016541,0.10876656587170257,0.016658677660689066,0.04865954996168027,False,0.029078432776780263,1.673389702093434,1.3002126462351555,,,,,,,,,,,,,,,,,,,-0.4810567440005967,0.2521689159722417,-0.3770149929012816,0.1425133552237579,-0.10404175109931513,False,0.20803630876720175,-0.500113425948836,-0.35919368695117637
mass_linear_interaction_gammaalpha,2,"c02 (RA 8.8, Dec -43.6, N=283)",283.0,0.453,0.429,-370.464,-77.28754667700069,0.04238513569217889,-447.75164501847894,0.06284526966526888,0.3551927750925943,0.06814858524279145,0.3477286960921724,0.018994710406570497,0.007464079000421897,False,0.06544792316922314,0.11404607875978985,0.10550497563938437,0.19939402147612165,0.01535777740946752,0.182851687819178,0.006077092894619824,0.01654233365694366,False,0.014104264210121426,1.1728604491876038,1.001568494465231,3.1998887668713825,0.142160868127663,3.0899162144882415,0.055951654038573044,0.10997255238314096,False,0.13068712575138616,0.8414949196476189,0.7198318980944804,0.06701342538563214,0.045465156077711226,0.10876656587170257,0.016658677660689066,-0.04175314048607043,False,0.042303296275442895,-0.9869949664019011,-0.8622942918356163,,,,,,,,,,,,,,,,,,,-0.42397502786352137,2.0074022635066613,-0.3770149929012816,0.1425133552237579,-0.04696003496223977,False,2.002337082290226,-0.023452612138875232,-0.023334704156421995
mass_linear_interaction_gammaalpha,3,"c03 (RA 41.7, Dec -0.7, N=240)",240.0,1.868,1.34,-368.411,-79.34056663821403,0.03923003719910201,-447.75164501847894,0.06284526966526888,0.38413494482101257,0.06597591696391442,0.3477286960921724,0.018994710406570497,0.036406248728840185,False,0.06318245480985883,0.5762082027107223,0.5302719056105767,0.18105230331118474,0.014738198245808567,0.182851687819178,0.006077092894619824,-0.0017993845079932458,False,0.013426966503381021,-0.13401273530697688,-0.11287109178905703,3.0163728611911997,0.15446809386245913,3.0899162144882415,0.055951654038573044,-0.07354335329704176,False,0.14397848600346275,-0.5107940452664088,-0.447645377887113,-0.0037894986336018907,0.032095251264774485,0.10876656587170257,0.016658677660689066,-0.11255606450530446,False,0.027433439673986697,-4.1028783062896,-3.112638402259962,,,,,,,,,,,,,,,,,,,-0.09457420271182526,3.484879950736872,-0.3770149929012816,0.1425133552237579,0.28244079018945634,False,3.481964706115025,0.08111535125368557,0.08097980864458357
mass_linear_ssfr_tanh_sncolour_softbroken_sntau,0,"c00 (RA 53.5, Dec -28.2, N=580)",580.0,0.047,,-252.972,-184.5972094574984,0.05313130634890479,-437.5689311565626,0.06427763391572877,0.4016338693308116,0.04575077725786728,0.36893797206354134,0.020018985483615755,0.032695897267270235,False,0.04113847153098627,0.7947766664749095,0.6547180545597558,0.17279545211440706,0.010470362108420792,0.17521195730612818,0.005325847298554802,-0.0024165051917211244,False,0.009014645485759847,-0.26806436210258094,-0.20571170151596696,3.6811175679025787,0.2962904917052733,3.7897736483083877,0.28836990090090625,-0.10865608040580899,False,0.06805039110360882,-1.5967003075761423,-0.2628000896376869,0.08532293484578664,0.038051065367292664,0.05786534651624647,0.018492239826367305,0.02745758832954017,False,0.033255385154739886,0.8256584069550806,0.6490146421265998,-0.06512217308241007,0.05003638271728713,-0.11219440008413015,0.023053746305548854,0.04707222700172008,False,0.04440905737245751,1.0599690645745221,0.8544313666371058,1.8504939465550327,0.8518752126846042,1.4299401451800517,0.6430198957101289,0.420553801374981,False,0.5587636277598738,0.7526506388059176,0.39402888754238974,,,,,,,,,
mass_linear_ssfr_tanh_sncolour_softbroken_sntau,1,"c01 (RA 35.8, Dec -5.0, N=520)",520.0,0.76,,-196.254,-241.31470486915737,0.05214661000427893,-437.5689311565626,0.06427763391572877,0.41959048623426876,0.04586534994188783,0.36893797206354134,0.020018985483615755,0.050652514170727414,False,0.04126585205104351,1.2274680311477184,1.0121619737352208,0.1785387343708761,0.010826136850272637,0.17521195730612818,0.005325847298554802,0.0033267770647479322,False,0.009425528613998669,0.3529538979709899,0.2757324780980162,3.5647648164651944,0.3173360222149154,3.7897736483083877,0.28836990090090625,-0.2250088318431933,False,0.1324573563437939,-1.6987265792862531,-0.5247551432473447,0.04873410033299298,0.04362812726451818,0.05786534651624647,0.018492239826367305,-0.009131246183253484,False,0.03951519397412987,-0.23108190204587134,-0.19270166749925233,-0.2079426788248046,0.05051682571602586,-0.11219440008413015,0.023053746305548854,-0.09574827874067446,False,0.04494968811574474,-2.130121092144714,-1.724305795499276,1.9620691149409697,0.9164559321242558,1.4299401451800517,0.6430198957101289,0.532128969760918,False,0.653006040742866,0.8148913433565835,0.47531107934210415,,,,,,,,,
mass_linear_ssfr_tanh_sncolour_softbroken_sntau,2,"c02 (RA 8.8, Dec -43.6, N=283)",283.0,0.419,,-359.165,-78.40420889993362,0.048192514040724756,-437.5689311565626,0.06427763391572877,0.3542816911999304,0.06754967334499816,0.36893797206354134,0.020018985483615755,-0.014656280863610927,False,0.06451510357445563,-0.227175964256128,-0.20802724727295172,0.1980962103547014,0.014206419137032206,0.17521195730612818,0.005325847298554802,0.022884253048573222,False,0.013170333908049234,1.7375605818609647,1.5083299357137403,3.6402185328494028,0.2943434877465407,3.7897736483083877,0.28836990090090625,-0.14955511545898492,False,0.05899905959589066,-2.5348728688787707,-0.3629430251788471,0.037236160352251295,0.05118953954901659,0.05786534651624647,0.018492239826367305,-0.020629186163995172,False,0.04773265156519642,-0.43218186058275987,-0.3790227147644317,-0.10162047206763473,0.062419063282933,-0.11219440008413015,0.023053746305548854,0.010573928016495412,False,0.05800572594492881,0.1822911073733376,0.1589100777761823,2.20046889980339,0.9133068590915702,1.4299401451800517,0.6430198957101289,0.7705287546233381,False,0.6485790873784354,1.1880259009550012,0.689843331135627,,,,,,,,,
mass_linear_ssfr_tanh_sncolour_softbroken_sntau,3,"c03 (RA 41.7, Dec -0.7, N=240)",240.0,1.386,,-359.145,-78.42391574368764,0.04546540440250015,-437.5689311565626,0.06427763391572877,0.38045549054570266,0.06747033316743128,0.36893797206354134,0.020018985483615755,0.011517518482161315,False,0.06443202680291037,0.17875455815462682,0.16365320187123453,0.1836069547464975,0.01463479246438762,0.17521195730612818,0.005325847298554802,0.008394997440369312,False,0.013631305917929255,0.6158615682835914,0.5390477901456825,3.484562008630662,0.3873257699932281,3.7897736483083877,0.28836990090090625,-0.3052116396777258,False,0.2585808429780686,-1.1803335319144743,-0.6320579303897987,-0.09275042959648636,0.0526813195225919,0.05786534651624647,0.018492239826367305,-0.15061577611273283,False,0.04932908364084556,-3.0532855061596904,-2.697629198636562,-0.1990256191826624,0.07246312734015234,-0.11219440008413015,0.023053746305548854,-0.08683121909853225,False,0.06869810481515866,-1.2639536320858216,-1.141885563977918,2.0186580093680973,1.1081234348596471,1.4299401451800517,0.6430198957101289,0.5887178641880455,False,0.9024760166376044,0.6523362985106886,0.4595136266063933,,,,,,,,,
mass_linear_ssfr_tanh_interaction_gammaalpha,0,"c00 (RA 53.5, Dec -28.2, N=580)",580.0,0.149,,-252.535,-187.24396996364152,0.05517441249685683,-439.7785618091945,0.06638043453361044,0.3967412964131134,0.046920173040877776,0.36175146738315206,0.019903761974429203,0.03498982902996134,False,0.04248932686512202,0.8234969017285904,0.6865156912404465,0.17512747434197357,0.01133704714728687,0.1774370705850821,0.005829872611289705,-0.0023095962431085304,False,0.009723231117069032,-0.2375338213501948,-0.18117068725151528,3.105045598688163,0.09475317037495753,3.055051005141395,0.0558599478979284,0.04999459354676805,False,0.07653645874317976,0.6532127873139039,0.4545245337878932,0.08775286907622955,0.03842566678713451,0.061910449109662063,0.019076429107653975,0.025842419966567484,False,0.033355984778395374,0.7747461254181164,0.6023821723495566,-0.05173996892211316,0.047837995534013716,-0.10721487410674498,0.022847418706366272,0.055474905184631815,False,0.04202938585285658,1.31990758510837,1.0464209982088208,,,,,,,,,,-0.19358196830112093,0.2786393811293591,-0.3315323077259321,0.12502581081989736,0.1379503394248112,False,0.249014962090593,0.5539841392125832,0.4516984738247582
mass_linear_ssfr_tanh_interaction_gammaalpha,1,"c01 (RA 35.8, Dec -5.0, N=520)",520.0,0.641,,-198.379,-241.3999010526018,0.05596433068175954,-439.7785618091945,0.06638043453361044,0.4165281722276152,0.046377980782781415,0.36175146738315206,0.019903761974429203,0.05477670484446312,False,0.04188982407164428,1.3076375004769267,1.085362668024643,0.18021570255313366,0.011935545386730561,0.1774370705850821,0.005829872611289705,0.002778631968051559,False,0.010414884973672985,0.2667943021046758,0.20918318459017435,3.0237260508904797,0.11437070653573653,3.055051005141395,0.0558599478979284,-0.031324954250915304,False,0.0998014265144757,-0.31387281068945216,-0.24610454696398654,0.06363207936994172,0.04030642182497811,0.061910449109662063,0.019076429107653975,0.0017216302602796607,False,0.03550630215657107,0.04848801918847644,0.03860780822626905,-0.18344935183208888,0.04895821056672462,-0.10721487410674498,0.022847418706366272,-0.0762344777253439,False,0.04330013672439997,-1.7606059355093255,-1.4110454687191336,,,,,,,,,,-0.3592145930269855,0.1786753979194546,-0.3315323077259321,0.12502581081989736,-0.027682285301053378,False,0.1276457772529224,-0.21686800689224997,-0.12693976135432766
mass_linear_ssfr_tanh_interaction_gammaalpha,2,"c02 (RA 8.8, Dec -43.6, N=283)",283.0,0.376,,-360.716,-79.06255893615486,0.04861883707968195,-439.7785618091945,0.06638043453361044,0.35347384699046575,0.06817966689898688,0.36175146738315206,0.019903761974429203,-0.008277620392686313,False,0.06520971735655717,-0.12693844917967514,-0.11654428668472923,0.1966458992008847,0.01581013717479008,0.1774370705850821,0.005829872611289705,0.019208828615802614,False,0.014696020645801142,1.3070768665047325,1.1399389359689325,3.1825081913562543,0.14360638549661492,3.055051005141395,0.0558599478979284,0.12745718621485924,False,0.13229686381862232,0.9634180473816958,0.8271711184181235,0.03494887279799717,0.04996821503147399,0.061910449109662063,0.019076429107653975,-0.026961576311664896,False,0.04618346420454269,-0.5837928526161298,-0.5040883290522751,-0.08386310015446907,0.05984059012294836,-0.10721487410674498,0.022847418706366272,0.023351773952275903,False,0.055307248030603454,0.42221905417088446,0.3645644958107093,,,,,,,,,,-0.3547080598085025,0.7279049897513757,-0.3315323077259321,0.12502581081989736,-0.02317575208257039,False,0.7170873173706098,-0.03231928876883559,-0.03137946710842376
mass_linear_ssfr_tanh_interaction_gammaalpha,3,"c03 (RA 41.7, Dec -0.7, N=240)",240.0,1.41,,-362.148,-77.6309989612903,0.0496189914332203,-439.7785618091945,0.06638043453361044,0.3801289306625781,0.06767655660890697,0.36175146738315206,0.019903761974429203,0.01837746327942602,False,0.06468351083316254,0.2841135714916095,0.26051535818412686,0.16362830019694208,0.01880926162332786,0.1774370705850821,0.005829872611289705,-0.013808770388140018,False,0.017882978167825636,-0.7721739778771427,-0.7012367883281383,3.001297552695567,0.15585682245874352,3.055051005141395,0.0558599478979284,-0.053753452445827854,False,0.14550262996859206,-0.36943285806882653,-0.32466727327458245,-0.07367923783042844,0.04752094004681992,0.061910449109662063,0.019076429107653975,-0.1355896869400905,False,0.04352389683190265,-3.115292903660786,-2.647877572431342,-0.1693144359948355,0.06821673099561802,-0.10721487410674498,0.022847418706366272,-0.06209956188809053,False,0.06427688422897065,-0.966125888536788,-0.8631996387463238,,,,,,,,,,-0.8388176202460873,0.8553705716381272,-0.3315323077259321,0.12502581081989736,-0.5072853125201552,False,0.846183999762087,-0.5994976419582306,-0.5868236725783617
mass_linear_sncolour_softbroken_sntau_interaction_gammaalpha,0,"c00 (RA 53.5, Dec -28.2, N=580)",580.0,0.073,,-260.622,-184.6702766642874,0.0525207365179369,-445.29270076506526,0.0633089995095361,0.40789200796231784,0.04566759410537977,0.3532173013043676,0.019384704940236985,0.05467470665795021,False,0.041349272856407875,1.322265251140379,1.1020582352822244,0.17626915608444135,0.01182171353587233,0.1823636308052167,0.006079045027076825,-0.006094474720775345,False,0.010138940895527481,-0.6010957932957038,-0.4584674883589272,3.6954587532700973,0.301602341482324,3.786034480736254,0.28474978751791735,-0.0905757274661565,False,0.09940588964503713,-0.9111706337480429,-0.21836801105426012,0.11286731985292439,0.03161772681569206,0.11043587626054832,0.0164849771434415,0.0024314435923760702,False,0.02698010707117272,0.09011986446021115,0.06818943576962393,,,,,,,,,,1.8480122221588058,0.8531702532370927,1.5348014610162533,0.6842544433456473,0.31321076114255253,False,0.5096031178970387,0.6146170424448507,0.2863863218831267,-0.28459171283338297,0.33354972212538775,-0.36973096734335115,0.1395881019310718,0.08513925450996818,False,0.3029365922585188,0.2810464522467209,0.2354643585414173
mass_linear_sncolour_softbroken_sntau_interaction_gammaalpha,1,"c01 (RA 35.8, Dec -5.0, N=520)",520.0,0.529,,-198.172,-247.12062055839814,0.052015703088859694,-445.29270076506526,0.0633089995095361,0.4098224815398182,0.04761831942256914,0.3532173013043676,0.019384704940236985,0.05660518023545058,False,0.043494109474844715,1.3014447454818863,1.100994935482187,0.19087641379503423,0.012625170792025457,0.1823636308052167,0.006079045027076825,0.00851278298981753,False,0.011065267691591796,0.7693246315483329,0.6075141707241701,3.5969492906712586,0.31738342137079745,3.786034480736254,0.28474978751791735,-0.18908519006499525,False,0.1401777252973313,-1.3488961221472684,-0.443448351005938,0.1589329585107291,0.03336940602174219,0.11043587626054832,0.0164849771434415,0.04849708225018079,False,0.029013148516217526,1.6715553026956829,1.3030111291797586,,,,,,,,,,1.993923271283687,0.9143530238770455,1.5348014610162533,0.6842544433456473,0.4591218102674337,False,0.6064959266432342,0.7570072445639161,0.4020205327293737,-0.4758669776726035,0.24523869343706972,-0.36973096734335115,0.1395881019310718,-0.10613601032925235,False,0.20163625308461217,-0.5263736491111781,-0.37612567234996774
mass_linear_sncolour_softbroken_sntau_interaction_gammaalpha,2,"c02 (RA 8.8, Dec -43.6, N=283)",283.0,0.294,,-366.661,-78.631414819444,0.0456021848093427,-445.29270076506526,0.0633089995095361,0.3618227596994531,0.06810985185869169,0.3532173013043676,0.019384704940236985,0.008605458395085475,False,0.06529307110706985,0.13179742121447993,0.12152082823349343,0.19863834074859332,0.015553255683252797,0.1823636308052167,0.006079045027076825,0.016274709943376625,False,0.014316039043932785,1.1368165379706712,0.9745884811410169,3.6354229452767415,0.27564511228337435,3.786034480736254,0.28474978751791735,-0.15061153545951234,True,0.07142978066454513,-2.1085258005596796,-0.3800333840474369,0.06899119402099042,0.04538466500513538,0.11043587626054832,0.0164849771434415,-0.0414446822395579,False,0.042284906836938536,-0.9801294442808929,-0.8583195970590606,,,,,,,,,,2.2716920682488184,0.8967221811119729,1.5348014610162533,0.6842544433456473,0.7368906072325652,False,0.5795744359958884,1.27143393749995,0.653289576675453,-0.47588336939981585,1.8976253760097639,-0.36973096734335115,0.1395881019310718,-0.1061524020564647,False,1.8924844066664006,-0.056091559688701206,-0.05578886615796486
mass_linear_sncolour_softbroken_sntau_interaction_gammaalpha,3,"c03 (RA 41.7, Dec -0.7, N=240)",240.0,1.659,,-364.505,-80.78736047674204,0.04127411963956735,-445.29270076506526,0.0633089995095361,0.3924104870659428,0.06407685326878007,0.3532173013043676,0.019384704940236985,0.039193185761575156,False,0.06107435091107168,0.6417290593663949,0.5854550277646784,0.18028613514125166,0.014691309142121623,0.1823636308052167,0.006079045027076825,-0.0020774956639650344,False,0.013374594418828517,-0.15533148885923395,-0.13066544055043752,3.5088570944237354,0.37025992043091066,3.786034480736254,0.28474978751791735,-0.2771773863125184,False,0.23666424991114568,-1.1711840145547254,-0.5934108079964722,-0.0007820699907183761,0.03159449605143689,0.11043587626054832,0.0164849771434415,-0.1112179462512667,False,0.026952879425480174,-4.126384587545244,-3.1208918035884783,,,,,,,,,,2.0329425415205677,1.0819616344170329,1.5348014610162533,0.6842544433456473,0.4981410805043145,False,0.8381150488519552,0.5943588307913873,0.3891198645633906,-0.10485468925910219,3.5473325460820297,-0.36973096734335115,0.1395881019310718,0.26487627808424896,False,3.5445850750535097,0.0747270195172986,0.07461139902626795
mass_linear_ssfr_tanh_sncolour_softbroken_sntau_interaction_gammaalpha,0,"c00 (RA 53.5, Dec -28.2, N=580)",580.0,0.079,,-249.895,-186.98010843018258,0.055547700172220986,-436.8753670747337,0.06596637261840765,0.40507997746485847,0.045461212703545605,0.3682220049518475,0.019959926997527404,0.036857972513010984,False,0.04084511200535987,0.9023839256010444,0.7423562360370211,0.17483232607677526,0.0111972710902471,0.17683846906208586,0.005773119440267609,-0.0020061429853105994,False,0.009594267652973191,-0.20909808417622275,-0.15924388499876266,3.6890754226156464,0.30322914363563913,3.790149241930186,0.2875043963454121,-0.10107381931453974,False,0.09638016202550848,-1.0486994127255047,-0.24188460898239453,0.08787429084652908,0.03842118914638287,0.06285874705066512,0.018956607476742184,0.02501554379586396,False,0.03341907850906203,0.7485408010002629,0.5838858273902335,-0.053734852043182214,0.047342698453712466,-0.10827429846515663,0.022628599484359913,0.05453944642197441,False,0.04158458346858335,1.3115304248070276,1.0393870106736764,1.834341694255766,0.8487103181244576,1.4280000776110224,0.638560901141115,0.40634161664474355,False,0.5590609802380822,0.7268287915062478,0.3825810262245561,-0.19786030738898217,0.28074006061669643,-0.32611283480738046,0.12080144391183335,0.1282525274183983,False,0.2534205847674623,0.5060856738851041,0.41963718426605046
mass_linear_ssfr_tanh_sncolour_softbroken_sntau_interaction_gammaalpha,1,"c01 (RA 35.8, Dec -5.0, N=520)",520.0,0.5,,-194.857,-242.018781089958,0.055575353885854904,-436.8753670747337,0.06596637261840765,0.42104935964869894,0.045238058063823444,0.3682220049518475,0.019959926997527404,0.05282735469685146,False,0.04059659113323726,1.3012756298545622,1.0683905510584324,0.17932934670935124,0.011935293806666074,0.17683846906208586,0.005773119440267609,0.0024908776472653826,False,0.010446163419162355,0.2384490407929228,0.18787434718916207,3.565467874216456,0.32134733918265457,3.790149241930186,0.2875043963454121,-0.22468136771373004,False,0.14354558328918463,-1.5652266169770654,-0.5210754686594883,0.06439714045831632,0.039972536875893694,0.06285874705066512,0.018956607476742184,0.0015383934076512035,False,0.03519162879531727,0.04371475434112069,0.0347739971284962,-0.18418505192059806,0.0488532622085741,-0.10827429846515663,0.022628599484359913,-0.07591075345544143,False,0.043296509256476094,-1.753276528732788,-1.4099446391380381,1.977692808671093,0.9227912141256924,1.4280000776110224,0.638560901141115,0.5496927310600705,False,0.666170849258219,0.8251527842627056,0.48984058275136505,-0.3497134508161294,0.17835706075095875,-0.32611283480738046,0.12080144391183335,-0.023600616008748965,False,0.1312183381564382,-0.17985760481596988,-0.10955811555475223
mass_linear_ssfr_tanh_sncolour_softbroken_sntau_interaction_gammaalpha,2,"c02 (RA 8.8, Dec -43.6, N=283)",283.0,0.256,,-356.533,-80.34190798862376,0.050311328943085876,-436.8753670747337,0.06596637261840765,0.36120823384539913,0.06763843440534689,0.3682220049518475,0.019959926997527404,-0.007013771106448352,False,0.06462630364688818,-0.10852811797454662,-0.09945503925680245,0.19601792566784987,0.015514143208768328,0.17683846906208586,0.005773119440267609,0.019179456605764006,False,0.014399990674669782,1.3319075712668005,1.1586362471246074,3.6398084627858496,0.2904873186510036,3.790149241930186,0.2875043963454121,-0.15034077914433652,False,0.04152233590623124,-3.6207206522255153,-0.3678446108756581,0.0358749433665083,0.049526843948888725,0.06285874705066512,0.018956607476742184,-0.026983803684156815,False,0.04575538552466035,-0.5897404944738933,-0.5088330804241993,-0.08696233861734146,0.06040662399185432,-0.10827429846515663,0.022628599484359913,0.02131195984781517,False,0.05600809501732492,0.38051570654604067,0.33038765732384134,2.1987783346741585,0.9132530246074333,1.4280000776110224,0.638560901141115,0.7707782570631361,False,0.6528943731481168,1.180555827654952,0.6916799418281911,-0.36205846508491923,0.5968235425656279,-0.32611283480738046,0.12080144391183335,-0.035945630277538776,False,0.5844701464654991,-0.06150122550298747,-0.05903116003955945
mass_linear_ssfr_tanh_sncolour_softbroken_sntau_interaction_gammaalpha,3,"c03 (RA 41.7, Dec -0.7, N=240)",240.0,1.272,,-358.007,-78.8682004468064,0.04910351359114639,-436.8753670747337,0.06596637261840765,0.39038962369011276,0.06574994096865468,0.3682220049518475,0.019959926997527404,0.022167618738265282,False,0.06264707536377857,0.3538492197687205,0.32261249842960604,0.16274301863673296,0.018903314044537153,0.17683846906208586,0.005773119440267609,-0.014095450425352901,False,0.01800017704898482,-0.783072876838612,-0.7131438752166421,3.5047429784449524,0.3812771234157947,3.790149241930186,0.2875043963454121,-0.2854062634852337,False,0.2504265699207721,-1.1396804403603347,-0.5976769845632457,-0.07305684978083317,0.04679863570865185,0.06285874705066512,0.018956607476742184,-0.1359155968314983,False,0.0427873735716955,-3.1765351664727683,-2.691812133115838,-0.17162539029819213,0.06789902726012753,-0.10827429846515663,0.022628599484359913,-0.0633510918330355,False,0.06401737567448362,-0.989592140658248,-0.8851569163038592,2.0019806446585626,1.1036320697223736,1.4280000776110224,0.638560901141115,0.5739805670475402,False,0.9001353902905592,0.6376602600440608,0.4501616235208694,-0.8124946356381467,0.7995051662929691,-0.32611283480738046,0.12080144391183335,-0.48638180083076626,False,0.790326212445193,-0.6154190423799154,-0.6015259395596383
