combo,tag,pkl_path,active_params,n_sne,logz,logz_err,alpha_mean,alpha_std,beta_mean,beta_std,gamma_mean,gamma_std,Om0_mean,Om0_std,fold,z_lo,z_hi,n_heldout,mean_residual,mean_residual_err,alpha_median,beta_median,gamma_median,Om0_median,zeta_mean,zeta_std,zeta_median,sn_tau_mean,sn_tau_std,sn_tau_median,gamma_alpha_mean,gamma_alpha_std,gamma_alpha_median,flagged_2sigma
mass_step,combo/loo_zbin_mass_step_b00,Plots/combo/loo_zbin_mass_step_b00_results.pkl,"alpha,beta,gamma,Om0",1365,-337.943453007718,0.053318843532199706,0.17468235893544273,0.006745039444727203,3.1056990089597885,0.06425591195086243,0.050836075734083566,0.015378105270071754,0.3392085608311589,0.021873301336836837,0,0.02508999,0.324525,455,0.017065880161676265,0.016000344427608792,0.17473245165698434,3.1056346548612503,0.05078328677962225,0.3387364649164108,,,,,,,,,,False
mass_step,combo/loo_zbin_mass_step_b01,Plots/combo/loo_zbin_mass_step_b01_results.pkl,"alpha,beta,gamma,Om0",1365,-291.3823040755681,0.05540002479261145,0.17189530915696077,0.005977838932017441,3.0682305313807743,0.06323658139688498,0.07292389585865117,0.014679835740296451,0.3408795982577786,0.01576052067202095,1,0.324525,0.479345,455,0.007357554989418569,0.013052943737196008,0.1719318978325999,3.06750018459313,0.07290094353729516,0.3409560448672548,,,,,,,,,,False
mass_step,combo/loo_zbin_mass_step_b02,Plots/combo/loo_zbin_mass_step_b02_results.pkl,"alpha,beta,gamma,Om0",1365,-366.21466835707565,0.05555115231102711,0.17084554382512432,0.0060072614064378,3.107044471487661,0.06298864561103007,0.06239351537357349,0.014427617169253587,0.34177753241769476,0.016014115710502545,2,0.479345,0.6268874999999999,455,-0.01714764506337356,0.010062494606155034,0.17081757867817443,3.1064279247547244,0.06261725094486828,0.3417420439126678,,,,,,,,,,False
mass_step,combo/loo_zbin_mass_step_b03,Plots/combo/loo_zbin_mass_step_b03_results.pkl,"alpha,beta,gamma,Om0",1365,-384.2407350275195,0.05401391433297529,0.17440364104061043,0.00603946148036037,3.1094012392440797,0.06505396393598324,0.06205404197939333,0.014232471913076451,0.33325487683001753,0.018425933665066962,3,0.6268874999999999,1.14418001,455,-0.008450694469551325,0.010214139055020175,0.17441801699831952,3.109380217898556,0.06213446233530834,0.3330308526179266,,,,,,,,,,False
mass_linear,combo/loo_zbin_mass_linear_b00,Plots/combo/loo_zbin_mass_linear_b00_results.pkl,"alpha,beta,gamma,Om0",1365,-334.1372369742006,0.051475764343578936,0.1768849532801997,0.0068519348362936884,3.105680106068275,0.06464478540815026,0.08554040658326764,0.02032941101333066,0.33174921911856436,0.02261929426049882,0,0.02508999,0.324525,455,0.01770216059040214,0.01588028034097589,0.17695580413737183,3.105895552216619,0.0853009870900644,0.33148186686571446,,,,,,,,,,False
mass_linear,combo/loo_zbin_mass_linear_b01,Plots/combo/loo_zbin_mass_linear_b01_results.pkl,"alpha,beta,gamma,Om0",1365,-281.6985764845392,0.0539470237831436,0.17460317804205405,0.005864891121595416,3.069313375282149,0.06356586816184605,0.12049846985562418,0.018068611464468462,0.33287813477800593,0.015197186878332452,1,0.324525,0.479345,455,0.0027482681034546653,0.013086150487753965,0.17454698142742592,3.068786538334824,0.12047311226120258,0.33269341014185566,,,,,,,,,,False
mass_linear,combo/loo_zbin_mass_linear_b02,Plots/combo/loo_zbin_mass_linear_b02_results.pkl,"alpha,beta,gamma,Om0",1365,-359.329999657472,0.054219765955969085,0.1734239768661573,0.005980417962529851,3.108135872689944,0.06277795946696649,0.10047610728757443,0.017870177774052105,0.3351071229320689,0.01626134628234299,2,0.479345,0.6268874999999999,455,-0.018135492434143842,0.010017991921682397,0.1734886946130056,3.1080900704585193,0.1002382033158827,0.33490141115559174,,,,,,,,,,False
mass_linear,combo/loo_zbin_mass_linear_b03,Plots/combo/loo_zbin_mass_linear_b03_results.pkl,"alpha,beta,gamma,Om0",1365,-376.97810603810115,0.05286113361909956,0.1770096679793037,0.005947442945638793,3.1189025373323456,0.06512687653592962,0.10171880664471135,0.01785317847491234,0.3313272899429297,0.018299643430740586,3,0.6268874999999999,1.14418001,455,-0.0008185835888472053,0.01019290538790642,0.17704715673502264,3.11843652801341,0.1019002765937242,0.3312944241005955,,,,,,,,,,False
mass_linear_ssfr_tanh,combo/loo_zbin_mass_linear_ssfr_tanh_b00,Plots/combo/loo_zbin_mass_linear_ssfr_tanh_b00_results.pkl,"alpha,beta,gamma,Om0,zeta",1365,-331.048720000974,0.05716375824551095,0.17838416863525752,0.006816324297927572,3.0798525847252556,0.0652235597603436,0.02541281333832111,0.026813213156699062,0.3332126034969413,0.022411772464114448,0,0.02508999,0.324525,455,0.0257522570064544,0.015790877922722348,0.17840999491864346,3.079685163310125,0.02511088249203638,0.3328688945893334,-0.11412259501886254,0.0321025616768253,-0.1140844253069297,,,,,,,False
mass_linear_ssfr_tanh,combo/loo_zbin_mass_linear_ssfr_tanh_b01,Plots/combo/loo_zbin_mass_linear_ssfr_tanh_b01_results.pkl,"alpha,beta,gamma,Om0,zeta",1365,-279.856751551195,0.0602937391313858,0.17483521364102145,0.0059915527894453405,3.0369043054095597,0.0642472366505993,0.08944079109348253,0.020484131304747667,0.3414084238151169,0.015802966909015177,1,0.324525,0.479345,455,-0.0016540954508873884,0.012983600608450198,0.17493243687013987,3.037077346535745,0.08944043671278673,0.3413585011895764,-0.083302352686973,0.0253516858944168,-0.08368051686963236,,,,,,,False
mass_linear_ssfr_tanh,combo/loo_zbin_mass_linear_ssfr_tanh_b02,Plots/combo/loo_zbin_mass_linear_ssfr_tanh_b02_results.pkl,"alpha,beta,gamma,Om0,zeta",1365,-351.45556520168026,0.06091012578035841,0.1741202720620998,0.00605467464729214,3.063781026161428,0.06371654310131827,0.05793740647974133,0.01985308487896913,0.34673405567350263,0.016447333105783567,2,0.479345,0.6268874999999999,455,-0.01662492600030968,0.009997327842881279,0.17405522841093254,3.063923805758872,0.05792823903863834,0.3466989647172876,-0.11925708830989253,0.025280097675364037,-0.11904044809370405,,,,,,,False
mass_linear_ssfr_tanh,combo/loo_zbin_mass_linear_ssfr_tanh_b03,Plots/combo/loo_zbin_mass_linear_ssfr_tanh_b03_results.pkl,"alpha,beta,gamma,Om0,zeta",1365,-368.2662845843205,0.06063603660103478,0.178091295106592,0.0058240028072974815,3.072470938768791,0.06608262083235146,0.05875032642046089,0.019394029147770546,0.34560929934137025,0.018935430925551326,3,0.6268874999999999,1.14418001,455,0.0035592737868528285,0.010229368908188078,0.17813017531411587,3.0723474792405674,0.05855819651872494,0.3455161512338812,-0.1261694898761876,0.0254923286663314,-0.12630793485611536,,,,,,,False
mass_linear_sncolour_softbroken_sntau,combo/loo_zbin_mass_linear_sncolour_softbroken_sntau_b00,Plots/combo/loo_zbin_mass_linear_sncolour_softbroken_sntau_b00_results.pkl,"alpha,beta,gamma,Om0,sn_tau",1365,-333.9488167653217,0.05277790728639456,0.17653340757887578,0.006750751378219554,3.626819173825097,0.2558065439119964,0.0878953277306079,0.0203009693611179,0.3339849771338359,0.022163201340615956,0,0.02508999,0.324525,455,0.018547889816502485,0.015841987048435355,0.1765826548081253,3.578546962684933,0.08774565503803206,0.3337457414066502,,,,2.056468253420571,0.8360689492781684,1.9056017987040506,,,,False
mass_linear_sncolour_softbroken_sntau,combo/loo_zbin_mass_linear_sncolour_softbroken_sntau_b01,Plots/combo/loo_zbin_mass_linear_sncolour_softbroken_sntau_b01_results.pkl,"alpha,beta,gamma,Om0,sn_tau",1365,-280.66917890441647,0.05471909769909067,0.17393407771230004,0.005900237695717901,3.6801590609416173,0.2829204243361048,0.12175145016609543,0.018453773751448563,0.3363248558530318,0.01578710338322265,1,0.324525,0.479345,455,0.0018918710544686892,0.013057123373175845,0.1739094392430424,3.6417073274394673,0.12169731756866344,0.33606784838076953,,,,1.7995030976850939,0.7970643757895532,1.594421758975569,,,,False
mass_linear_sncolour_softbroken_sntau,combo/loo_zbin_mass_linear_sncolour_softbroken_sntau_b02,Plots/combo/loo_zbin_mass_linear_sncolour_softbroken_sntau_b02_results.pkl,"alpha,beta,gamma,Om0,sn_tau",1365,-357.435303196398,0.0564509525532933,0.17264725772030579,0.006050078828180905,3.788803896482384,0.30586431081515625,0.10103040278721297,0.01778593358602196,0.33946667550872306,0.016127528377552106,2,0.479345,0.6268874999999999,455,-0.016800377419074478,0.009983911025650596,0.17260341789689446,3.753094762770151,0.10096859701510637,0.3392065929195257,,,,1.5893900945724038,0.7417841841713588,1.3951773633102116,,,,False
mass_linear_sncolour_softbroken_sntau,combo/loo_zbin_mass_linear_sncolour_softbroken_sntau_b03,Plots/combo/loo_zbin_mass_linear_sncolour_softbroken_sntau_b03_results.pkl,"alpha,beta,gamma,Om0,sn_tau",1365,-374.6918502543881,0.056152315968365146,0.176521143287837,0.00588231308277733,3.824032585967328,0.2829876407297112,0.10224614959539144,0.01782148554672665,0.3330934413852002,0.01819858194624698,3,0.6268874999999999,1.14418001,455,-0.004766798652103206,0.010180235995687738,0.17652288185068016,3.80785116838362,0.10211742787380718,0.3330911999102189,,,,1.4730119417912284,0.6627438291670732,1.286042989317861,,,,False
mass_linear_interaction_gammaalpha,combo/loo_zbin_mass_linear_interaction_gammaalpha_b00,Plots/combo/loo_zbin_mass_linear_interaction_gammaalpha_b00_results.pkl,"alpha,beta,gamma,Om0,gamma_alpha",1365,-333.1517583306588,0.05542913661091051,0.18639508103536961,0.007878714035266528,3.1040658386578346,0.06537027114923523,0.08922422757718038,0.02099002058181267,0.33193789389335093,0.022560297034787437,0,0.02508999,0.324525,455,0.019271278092541644,0.015881706359807637,0.1864508079360215,3.10410386616933,0.08918266394823508,0.3317285484813857,,,,,,,-0.6166482886142451,0.2784078742665121,-0.5869435055194261,False
mass_linear_interaction_gammaalpha,combo/loo_zbin_mass_linear_interaction_gammaalpha_b01,Plots/combo/loo_zbin_mass_linear_interaction_gammaalpha_b01_results.pkl,"alpha,beta,gamma,Om0,gamma_alpha",1365,-283.15881796743713,0.058725390962221645,0.180898968461616,0.006871123211186437,3.066028777189933,0.06359783843456336,0.12589546207214258,0.019060673959833564,0.3344865329881627,0.015574851896869857,1,0.324525,0.479345,455,0.0018718418175384846,0.013027506231330921,0.18087681893880886,3.066412885493801,0.1259474247721007,0.3344862511782935,,,,,,,-0.24926834017981842,0.13513330006627647,-0.24875348336687114,False
mass_linear_interaction_gammaalpha,combo/loo_zbin_mass_linear_interaction_gammaalpha_b02,Plots/combo/loo_zbin_mass_linear_interaction_gammaalpha_b02_results.pkl,"alpha,beta,gamma,Om0,gamma_alpha",1365,-359.9805337657873,0.05838775151258003,0.18016486779223825,0.006821196696458598,3.099050080500745,0.06300650046856382,0.10637997461113449,0.01854847070666298,0.33670040613900354,0.01601929763129664,2,0.479345,0.6268874999999999,455,-0.01825749368957179,0.00996575546780571,0.18019423092265005,3.0989985642489453,0.10633384837574342,0.3367041726005205,,,,,,,-0.33534581264035757,0.16135971202996538,-0.33018453285968324,False
mass_linear_interaction_gammaalpha,combo/loo_zbin_mass_linear_interaction_gammaalpha_b03,Plots/combo/loo_zbin_mass_linear_interaction_gammaalpha_b03_results.pkl,"alpha,beta,gamma,Om0,gamma_alpha",1365,-376.45793196620406,0.05806703911935216,0.1846436829169069,0.006645787477646272,3.1142068183433524,0.0655866552905349,0.11036856602951338,0.018412602625172768,0.3335436456968894,0.01844059202756077,3,0.6268874999999999,1.14418001,455,0.0005646872256401336,0.010213639069504668,0.1846148702004003,3.115033806332683,0.11052094651941416,0.33321539203865846,,,,,,,-0.40224813597576065,0.1540387216939631,-0.3985950448699742,False
mass_linear_ssfr_tanh_sncolour_softbroken_sntau,combo/loo_zbin_mass_linear_ssfr_tanh_sncolour_softbroken_sntau_b00,Plots/combo/loo_zbin_mass_linear_ssfr_tanh_sncolour_softbroken_sntau_b00_results.pkl,"alpha,beta,gamma,Om0,sn_tau,zeta",1365,-331.0746454220171,0.05740122299221488,0.17803048674852334,0.006883984218811182,3.6053500803778733,0.269685761910227,0.02833223837810006,0.026405698896183653,0.3352675509018207,0.0223401862848892,0,0.02508999,0.324525,455,0.026626511769885144,0.015749518764069506,0.17806881583744602,3.548494375370295,0.028252564362656933,0.3349116891404804,-0.11305171397583284,0.03203426219345268,-0.11312765456405509,2.044334952768281,0.8495832097248934,1.9036323140594051,,,,False
mass_linear_ssfr_tanh_sncolour_softbroken_sntau,combo/loo_zbin_mass_linear_ssfr_tanh_sncolour_softbroken_sntau_b01,Plots/combo/loo_zbin_mass_linear_ssfr_tanh_sncolour_softbroken_sntau_b01_results.pkl,"alpha,beta,gamma,Om0,sn_tau,zeta",1365,-278.92901455184114,0.060125485196208646,0.17412106260595467,0.005907198669086929,3.654240714449128,0.296234537376768,0.0908268329157492,0.02060578843386069,0.3446809360101864,0.015797572971127515,1,0.324525,0.479345,455,-0.002458537067261661,0.012953911836651512,0.17412402560424523,3.6061135671223097,0.09089940980283678,0.34441651073676977,-0.08229389200748581,0.025390226731061196,-0.08254316250098291,1.784052369363137,0.8065129032762832,1.5937749373470411,,,,False
mass_linear_ssfr_tanh_sncolour_softbroken_sntau,combo/loo_zbin_mass_linear_ssfr_tanh_sncolour_softbroken_sntau_b02,Plots/combo/loo_zbin_mass_linear_ssfr_tanh_sncolour_softbroken_sntau_b02_results.pkl,"alpha,beta,gamma,Om0,sn_tau,zeta",1365,-349.4129001345587,0.0619420527768155,0.17343392268988522,0.006034764259387037,3.7823381976213333,0.31287861232190134,0.05795665114573162,0.019715780734800906,0.3514044816682334,0.016416530377019116,2,0.479345,0.6268874999999999,455,-0.015195967991797966,0.009962914931992892,0.1734511622776615,3.7543254663017795,0.05794089179649169,0.35134670920834243,-0.1209620428680016,0.02516970516533191,-0.12083263138706686,1.4922785462870707,0.7130620883220202,1.295562805492751,,,,False
mass_linear_ssfr_tanh_sncolour_softbroken_sntau,combo/loo_zbin_mass_linear_ssfr_tanh_sncolour_softbroken_sntau_b03,Plots/combo/loo_zbin_mass_linear_ssfr_tanh_sncolour_softbroken_sntau_b03_results.pkl,"alpha,beta,gamma,Om0,sn_tau,zeta",1365,-365.3334022765463,0.0613543206351912,0.17765651267613386,0.005854430641102119,3.82176297200209,0.2847927020219357,0.058866832030897036,0.01973830403226358,0.34695826089028053,0.01861549270017942,3,0.6268874999999999,1.14418001,455,-0.0008244487802782823,0.010227187823504656,0.17763603403004327,3.8111407001729205,0.05872902254413741,0.34686435133293486,-0.12809943224326173,0.025477568512415127,-0.12820335786285555,1.3544932103162886,0.6143982401190229,1.184728728013376,,,,False
mass_linear_ssfr_tanh_interaction_gammaalpha,combo/loo_zbin_mass_linear_ssfr_tanh_interaction_gammaalpha_b00,Plots/combo/loo_zbin_mass_linear_ssfr_tanh_interaction_gammaalpha_b00_results.pkl,"alpha,beta,gamma,Om0,gamma_alpha,zeta",1365,-332.088920833845,0.05991536967534513,0.17866559657757686,0.007588494178287083,3.0878537596301276,0.06583167445843617,0.04300216412471833,0.02637090336115214,0.33284237603868966,0.022425613315151447,0,0.02508999,0.324525,455,0.02326306138871296,0.01576865616238519,0.17871871375565324,3.088181927264283,0.0432423527431536,0.33269975857289263,-0.09007559688109393,0.03227580273904692,-0.08914403457347464,,,,-0.39230570161981015,0.21795096349763937,-0.37801357777278627,False
mass_linear_ssfr_tanh_interaction_gammaalpha,combo/loo_zbin_mass_linear_ssfr_tanh_interaction_gammaalpha_b01,Plots/combo/loo_zbin_mass_linear_ssfr_tanh_interaction_gammaalpha_b01_results.pkl,"alpha,beta,gamma,Om0,gamma_alpha,zeta",1365,-280.64975506165973,0.0633894191142947,0.1782247243136331,0.006491632847866331,3.0348502527301604,0.06382477743281322,0.08976432888649427,0.021610616567203263,0.342527071001857,0.015901600873184627,1,0.324525,0.479345,455,-0.0018955291235125916,0.01292214788960157,0.17816594244644457,3.034517615766054,0.08973288606476208,0.3423312217547661,-0.0876622551336781,0.025301915889610054,-0.08772020655159503,,,,-0.28580304968151415,0.1275279252313565,-0.28269968215946395,False
mass_linear_ssfr_tanh_interaction_gammaalpha,combo/loo_zbin_mass_linear_ssfr_tanh_interaction_gammaalpha_b02,Plots/combo/loo_zbin_mass_linear_ssfr_tanh_interaction_gammaalpha_b02_results.pkl,"alpha,beta,gamma,Om0,gamma_alpha,zeta",1365,-352.65560306831395,0.06348275487903726,0.17562917846414816,0.00636712914027563,3.06085664290563,0.06265713088164808,0.06106268839010051,0.020763949975988745,0.347018456175816,0.01637333432799445,2,0.479345,0.6268874999999999,455,-0.016409016123751296,0.009950220135963275,0.1756454705916098,3.0610556436374257,0.06101517810755878,0.3469795171204629,-0.11503144067508592,0.025131138873658383,-0.11491398500012077,,,,-0.26382057607542975,0.1342279175654954,-0.26057939761792676,False
mass_linear_ssfr_tanh_interaction_gammaalpha,combo/loo_zbin_mass_linear_ssfr_tanh_interaction_gammaalpha_b03,Plots/combo/loo_zbin_mass_linear_ssfr_tanh_interaction_gammaalpha_b03_results.pkl,"alpha,beta,gamma,Om0,gamma_alpha,zeta",1365,-366.70976506767596,0.06325204815469013,0.1791538279567172,0.00642957915066213,3.074485213252537,0.0648290901940746,0.06177349418355195,0.02013558328247509,0.3445949958669775,0.018488068332388467,3,0.6268874999999999,1.14418001,455,0.003280206900525801,0.01031640275251935,0.17916043967226966,3.0745227480464368,0.06178506084421374,0.34461937162670964,-0.1250258740072745,0.02473335397432599,-0.12490309673008439,,,,-0.36663320478340905,0.12560566264077813,-0.36203015808528305,False
mass_linear_sncolour_softbroken_sntau_interaction_gammaalpha,combo/loo_zbin_mass_linear_sncolour_softbroken_sntau_interaction_gammaalpha_b00,Plots/combo/loo_zbin_mass_linear_sncolour_softbroken_sntau_interaction_gammaalpha_b00_results.pkl,"alpha,beta,gamma,Om0,gamma_alpha,sn_tau",1365,-333.04393299566885,0.056209340944872906,0.18616550821056832,0.007843807111235819,3.640205538234891,0.2609791859576102,0.09222830493498425,0.020963974133237362,0.33413720311026124,0.022474860203315242,0,0.02508999,0.324525,455,0.020279533147624873,0.015843285650307595,0.1861393898648292,3.590785966077731,0.09217536783531546,0.33378501864351584,,,,2.0090153899565477,0.8292535765950506,1.8528656646411483,-0.6024089272453255,0.2684948614963813,-0.5740820651287608,False
mass_linear_sncolour_softbroken_sntau_interaction_gammaalpha,combo/loo_zbin_mass_linear_sncolour_softbroken_sntau_interaction_gammaalpha_b01,Plots/combo/loo_zbin_mass_linear_sncolour_softbroken_sntau_interaction_gammaalpha_b01_results.pkl,"alpha,beta,gamma,Om0,gamma_alpha,sn_tau",1365,-282.17734865296086,0.058679997042802114,0.1800578302713441,0.006909747824409827,3.6772354813679438,0.28083201522749823,0.12710516047861842,0.01877806407449184,0.3375220269568262,0.01557977083692865,1,0.324525,0.479345,455,0.0010018144736608416,0.01299859224644399,0.1800959899287105,3.6400574023530545,0.12705451179133542,0.33728450028825196,,,,1.798461800381184,0.7978023456499009,1.5971375319599619,-0.2434331707008967,0.1345608321095175,-0.24315664087029545,False
mass_linear_sncolour_softbroken_sntau_interaction_gammaalpha,combo/loo_zbin_mass_linear_sncolour_softbroken_sntau_interaction_gammaalpha_b02,Plots/combo/loo_zbin_mass_linear_sncolour_softbroken_sntau_interaction_gammaalpha_b02_results.pkl,"alpha,beta,gamma,Om0,gamma_alpha,sn_tau",1365,-358.1078466935181,0.05955251761124348,0.1793100056526375,0.006796129009926961,3.791483760760047,0.30544356696875435,0.10684982371459849,0.01836959425467598,0.34082460685831156,0.01621354281803215,2,0.479345,0.6268874999999999,455,-0.0169822958485194,0.009930886687641687,0.17936720939971085,3.7567467010749755,0.10692635827824985,0.3406215261269246,,,,1.5583272801757475,0.7271998761901293,1.3671001146776698,-0.33056887766276727,0.15807571842864696,-0.32870658058288293,False
mass_linear_sncolour_softbroken_sntau_interaction_gammaalpha,combo/loo_zbin_mass_linear_sncolour_softbroken_sntau_interaction_gammaalpha_b03,Plots/combo/loo_zbin_mass_linear_sncolour_softbroken_sntau_interaction_gammaalpha_b03_results.pkl,"alpha,beta,gamma,Om0,gamma_alpha,sn_tau",1365,-374.0002116190416,0.059153331126356186,0.18413550257151276,0.006641090392605991,3.822548183701829,0.28994813703741207,0.11108604453723445,0.018530517832312642,0.3352090842050374,0.01844044761596518,3,0.6268874999999999,1.14418001,455,-0.00328397496109911,0.010199429638496408,0.1840908282328234,3.799267380299824,0.11118316181381199,0.3351573580674525,,,,1.4663000884084678,0.660500951564083,1.2911349937743064,-0.39774429881917905,0.15336154159740537,-0.39177547617790376,False
mass_linear_ssfr_tanh_sncolour_softbroken_sntau_interaction_gammaalpha,combo/loo_zbin_mass_linear_ssfr_tanh_sncolour_softbroken_sntau_interaction_gammaalpha_b00,Plots/combo/loo_zbin_mass_linear_ssfr_tanh_sncolour_softbroken_sntau_interaction_gammaalpha_b00_results.pkl,"alpha,beta,gamma,Om0,gamma_alpha,sn_tau,zeta",1365,-331.8592923254386,0.05947952372623274,0.17817104658732377,0.007558401866441051,3.6285485036736045,0.28221830172968354,0.045131176828415526,0.025908386595933346,0.33559711864102965,0.02240383974497532,0,0.02508999,0.324525,455,0.023910234432114725,0.015728498850609385,0.17823038041924066,3.569843476141576,0.045608306214698496,0.3355121482127535,-0.08992725602638234,0.03200560111057764,-0.08945537343169627,2.006811622994715,0.849198013390629,1.8567200686141725,-0.39412439591751464,0.21262305241027368,-0.3798335445594501,False
mass_linear_ssfr_tanh_sncolour_softbroken_sntau_interaction_gammaalpha,combo/loo_zbin_mass_linear_ssfr_tanh_sncolour_softbroken_sntau_interaction_gammaalpha_b01,Plots/combo/loo_zbin_mass_linear_ssfr_tanh_sncolour_softbroken_sntau_interaction_gammaalpha_b01_results.pkl,"alpha,beta,gamma,Om0,gamma_alpha,sn_tau,zeta",1365,-279.76812682598035,0.06262044073917451,0.1775365014344236,0.006519468653439443,3.6291385049760425,0.28292222359435615,0.09051498928781998,0.021776498068422058,0.34597472446846356,0.016021024577670642,1,0.324525,0.479345,455,-0.0027443411733787384,0.01288953563951248,0.17753557691886052,3.58136141511412,0.09050287841209731,0.34583893482943595,-0.08780351896811336,0.025334436716427114,-0.08795526475178561,1.8341690827353434,0.807653549549235,1.6502829620691692,-0.28039803667862345,0.12733587932152682,-0.2777208645575901,False
mass_linear_ssfr_tanh_sncolour_softbroken_sntau_interaction_gammaalpha,combo/loo_zbin_mass_linear_ssfr_tanh_sncolour_softbroken_sntau_interaction_gammaalpha_b02,Plots/combo/loo_zbin_mass_linear_ssfr_tanh_sncolour_softbroken_sntau_interaction_gammaalpha_b02_results.pkl,"alpha,beta,gamma,Om0,gamma_alpha,sn_tau,zeta",1365,-350.6062003225477,0.06390940908201805,0.17497193040521675,0.006375339719557443,3.7878423738415687,0.3105122664286063,0.061104405355668606,0.020543682204460772,0.3513496547238276,0.01641321697840273,2,0.479345,0.6268874999999999,455,-0.015067166319525458,0.009915444199865587,0.17500419765743255,3.7600010233175283,0.061028563225211406,0.35120652701444677,-0.11715155636323506,0.02515310231892809,-0.1170086787424481,1.4668730482013288,0.6980290130851768,1.2745606217884462,-0.2609237169420916,0.13192950909423698,-0.25737403361430083,False
mass_linear_ssfr_tanh_sncolour_softbroken_sntau_interaction_gammaalpha,combo/loo_zbin_mass_linear_ssfr_tanh_sncolour_softbroken_sntau_interaction_gammaalpha_b03,Plots/combo/loo_zbin_mass_linear_ssfr_tanh_sncolour_softbroken_sntau_interaction_gammaalpha_b03_results.pkl,"alpha,beta,gamma,Om0,gamma_alpha,sn_tau,zeta",1365,-364.0215763757735,0.06400365293780631,0.17863542497256407,0.006449205410223097,3.8222017980388934,0.2918075322149474,0.06166820319687012,0.02032871813199038,0.34678987325613514,0.018518884488494054,3,0.6268874999999999,1.14418001,455,-0.0008572576112083513,0.010316105103294124,0.17869457246937248,3.8101996243755463,0.06174949851634734,0.3467695416232543,-0.12701443478099134,0.025109908654185185,-0.12690760428478012,1.3615042284785472,0.6229971322654219,1.1864834267737618,-0.3667005697272596,0.12664544614063541,-0.3619193855655112,False
